M,Rank,Lunar_Month,lunar_day,Source,colony_id,Tank,RO,Temp
M1,1,Sep,26,IL,I1,T1,NA,NA
M1,2,Sep,27,IL,I1,T1,NA,NA
M1,3,Sep,28,IL,I1,T1,NA,NA
M1,4,Sep,29,IL,I1,T1,NA,NA
M1,5,Oct,1,IL,I1,T1,3,NA
M1,6,Oct,2,IL,I1,T1,0,NA
M1,7,Oct,3,IL,I1,T1,19,NA
M1,8,Oct,4,IL,I1,T1,11,NA
M1,9,Oct,5,IL,I1,T1,16,NA
M1,10,Oct,6,IL,I1,T1,18,NA
M1,11,Oct,7,IL,I1,T1,2,NA
M1,12,Oct,8,IL,I1,T1,6,NA
M1,13,Oct,9,IL,I1,T1,1,NA
M1,14,Oct,10,IL,I1,T1,0,26.15322222
M1,15,Oct,11,IL,I1,T1,0,25.82140972
M1,16,Oct,12,IL,I1,T1,0,26.21244444
M1,17,Oct,13,IL,I1,T1,0,25.99104861
M1,18,Oct,14,IL,I1,T1,0,25.66329167
M1,19,Oct,15,IL,I1,T1,0,25.88149306
M1,20,Oct,16,IL,I1,T1,0,26.04179861
M1,21,Oct,17,IL,I1,T1,0,25.71577083
M1,22,Oct,18,IL,I1,T1,0,26.05463194
M1,23,Oct,19,IL,I1,T1,0,26.19965278
M1,24,Oct,20,IL,I1,T1,NA,25.88213889
M1,25,Oct,21,IL,I1,T1,NA,25.56190972
M1,26,Oct,22,IL,I1,T1,NA,25.95595139
M1,27,Oct,23,IL,I1,T1,NA,26.56115278
M1,28,Oct,24,IL,I1,T1,NA,26.25649306
M1,1,Sep,26,IL,I2,T1,NA,NA
M1,2,Sep,27,IL,I2,T1,NA,NA
M1,3,Sep,28,IL,I2,T1,NA,NA
M1,4,Sep,29,IL,I2,T1,NA,NA
M1,5,Oct,1,IL,I2,T1,0,NA
M1,6,Oct,2,IL,I2,T1,0,NA
M1,7,Oct,3,IL,I2,T1,8,NA
M1,8,Oct,4,IL,I2,T1,12,NA
M1,9,Oct,5,IL,I2,T1,1,NA
M1,10,Oct,6,IL,I2,T1,3,NA
M1,11,Oct,7,IL,I2,T1,5,NA
M1,12,Oct,8,IL,I2,T1,35,NA
M1,13,Oct,9,IL,I2,T1,67,NA
M1,14,Oct,10,IL,I2,T1,73,26.15322222
M1,15,Oct,11,IL,I2,T1,34,25.82140972
M1,16,Oct,12,IL,I2,T1,70,26.21244444
M1,17,Oct,13,IL,I2,T1,49,25.99104861
M1,18,Oct,14,IL,I2,T1,0,25.66329167
M1,19,Oct,15,IL,I2,T1,0,25.88149306
M1,20,Oct,16,IL,I2,T1,0,26.04179861
M1,21,Oct,17,IL,I2,T1,0,25.71577083
M1,22,Oct,18,IL,I2,T1,0,26.05463194
M1,23,Oct,19,IL,I2,T1,0,26.19965278
M1,24,Oct,20,IL,I2,T1,NA,25.88213889
M1,25,Oct,21,IL,I2,T1,NA,25.56190972
M1,26,Oct,22,IL,I2,T1,NA,25.95595139
M1,27,Oct,23,IL,I2,T1,NA,26.56115278
M1,28,Oct,24,IL,I2,T1,NA,26.25649306
M1,1,Sep,26,IL,I3,T1,NA,NA
M1,2,Sep,27,IL,I3,T1,NA,NA
M1,3,Sep,28,IL,I3,T1,NA,NA
M1,4,Sep,29,IL,I3,T1,NA,NA
M1,5,Oct,1,IL,I3,T1,0,NA
M1,6,Oct,2,IL,I3,T1,1,NA
M1,7,Oct,3,IL,I3,T1,3,NA
M1,8,Oct,4,IL,I3,T1,8,NA
M1,9,Oct,5,IL,I3,T1,107,NA
M1,10,Oct,6,IL,I3,T1,256,NA
M1,11,Oct,7,IL,I3,T1,121,NA
M1,12,Oct,8,IL,I3,T1,58,NA
M1,13,Oct,9,IL,I3,T1,84,NA
M1,14,Oct,10,IL,I3,T1,22,26.15322222
M1,15,Oct,11,IL,I3,T1,55,25.82140972
M1,16,Oct,12,IL,I3,T1,5,26.21244444
M1,17,Oct,13,IL,I3,T1,0,25.99104861
M1,18,Oct,14,IL,I3,T1,0,25.66329167
M1,19,Oct,15,IL,I3,T1,0,25.88149306
M1,20,Oct,16,IL,I3,T1,0,26.04179861
M1,21,Oct,17,IL,I3,T1,0,25.71577083
M1,22,Oct,18,IL,I3,T1,0,26.05463194
M1,23,Oct,19,IL,I3,T1,0,26.19965278
M1,24,Oct,20,IL,I3,T1,NA,25.88213889
M1,25,Oct,21,IL,I3,T1,NA,25.56190972
M1,26,Oct,22,IL,I3,T1,NA,25.95595139
M1,27,Oct,23,IL,I3,T1,NA,26.56115278
M1,28,Oct,24,IL,I3,T1,NA,26.25649306
M1,1,Sep,26,IL,I4,T2,NA,NA
M1,2,Sep,27,IL,I4,T2,NA,NA
M1,3,Sep,28,IL,I4,T2,NA,NA
M1,4,Sep,29,IL,I4,T2,NA,NA
M1,5,Oct,1,IL,I4,T2,0,NA
M1,6,Oct,2,IL,I4,T2,1,NA
M1,7,Oct,3,IL,I4,T2,0,NA
M1,8,Oct,4,IL,I4,T2,12,NA
M1,9,Oct,5,IL,I4,T2,43,NA
M1,10,Oct,6,IL,I4,T2,11,NA
M1,11,Oct,7,IL,I4,T2,82,NA
M1,12,Oct,8,IL,I4,T2,104,NA
M1,13,Oct,9,IL,I4,T2,104,NA
M1,14,Oct,10,IL,I4,T2,400,26.07377778
M1,15,Oct,11,IL,I4,T2,366,25.8184375
M1,16,Oct,12,IL,I4,T2,431,26.20024306
M1,17,Oct,13,IL,I4,T2,154,25.99370139
M1,18,Oct,14,IL,I4,T2,152,25.68945833
M1,19,Oct,15,IL,I4,T2,95,25.83132639
M1,20,Oct,16,IL,I4,T2,24,25.98633333
M1,21,Oct,17,IL,I4,T2,49,25.63951389
M1,22,Oct,18,IL,I4,T2,12,25.882875
M1,23,Oct,19,IL,I4,T2,0,26.12098611
M1,24,Oct,20,IL,I4,T2,6,25.86925
M1,25,Oct,21,IL,I4,T2,0,25.5625625
M1,26,Oct,22,IL,I4,T2,0,25.89424306
M1,27,Oct,23,IL,I4,T2,0,26.49250694
M1,28,Oct,24,IL,I4,T2,NA,26.14325694
M1,1,Sep,26,IL,I5,T2,NA,NA
M1,2,Sep,27,IL,I5,T2,NA,NA
M1,3,Sep,28,IL,I5,T2,NA,NA
M1,4,Sep,29,IL,I5,T2,NA,NA
M1,5,Oct,1,IL,I5,T2,3,NA
M1,6,Oct,2,IL,I5,T2,9,NA
M1,7,Oct,3,IL,I5,T2,20,NA
M1,8,Oct,4,IL,I5,T2,6,NA
M1,9,Oct,5,IL,I5,T2,11,NA
M1,10,Oct,6,IL,I5,T2,70,NA
M1,11,Oct,7,IL,I5,T2,22,NA
M1,12,Oct,8,IL,I5,T2,13,NA
M1,13,Oct,9,IL,I5,T2,6,NA
M1,14,Oct,10,IL,I5,T2,3,26.07377778
M1,15,Oct,11,IL,I5,T2,1,25.8184375
M1,16,Oct,12,IL,I5,T2,2,26.20024306
M1,17,Oct,13,IL,I5,T2,0,25.99370139
M1,18,Oct,14,IL,I5,T2,0,25.68945833
M1,19,Oct,15,IL,I5,T2,0,25.83132639
M1,20,Oct,16,IL,I5,T2,0,25.98633333
M1,21,Oct,17,IL,I5,T2,0,25.63951389
M1,22,Oct,18,IL,I5,T2,0,25.882875
M1,23,Oct,19,IL,I5,T2,0,26.12098611
M1,24,Oct,20,IL,I5,T2,NA,25.86925
M1,25,Oct,21,IL,I5,T2,NA,25.5625625
M1,26,Oct,22,IL,I5,T2,NA,25.89424306
M1,27,Oct,23,IL,I5,T2,NA,26.49250694
M1,28,Oct,24,IL,I5,T2,NA,26.14325694
M1,1,Sep,26,IL,I6,T2,NA,NA
M1,2,Sep,27,IL,I6,T2,NA,NA
M1,3,Sep,28,IL,I6,T2,NA,NA
M1,4,Sep,29,IL,I6,T2,NA,NA
M1,5,Oct,1,IL,I6,T2,0,NA
M1,6,Oct,2,IL,I6,T2,0,NA
M1,7,Oct,3,IL,I6,T2,0,NA
M1,8,Oct,4,IL,I6,T2,0,NA
M1,9,Oct,5,IL,I6,T2,0,NA
M1,10,Oct,6,IL,I6,T2,3,NA
M1,11,Oct,7,IL,I6,T2,6,NA
M1,12,Oct,8,IL,I6,T2,10,NA
M1,13,Oct,9,IL,I6,T2,7,NA
M1,14,Oct,10,IL,I6,T2,13,26.07377778
M1,15,Oct,11,IL,I6,T2,13,25.8184375
M1,16,Oct,12,IL,I6,T2,7,26.20024306
M1,17,Oct,13,IL,I6,T2,0,25.99370139
M1,18,Oct,14,IL,I6,T2,6,25.68945833
M1,19,Oct,15,IL,I6,T2,3,25.83132639
M1,20,Oct,16,IL,I6,T2,0,25.98633333
M1,21,Oct,17,IL,I6,T2,0,25.63951389
M1,22,Oct,18,IL,I6,T2,0,25.882875
M1,23,Oct,19,IL,I6,T2,0,26.12098611
M1,24,Oct,20,IL,I6,T2,NA,25.86925
M1,25,Oct,21,IL,I6,T2,NA,25.5625625
M1,26,Oct,22,IL,I6,T2,NA,25.89424306
M1,27,Oct,23,IL,I6,T2,NA,26.49250694
M1,28,Oct,24,IL,I6,T2,NA,26.14325694
M1,1,Sep,26,IL,I7,T3,NA,NA
M1,2,Sep,27,IL,I7,T3,NA,NA
M1,3,Sep,28,IL,I7,T3,NA,NA
M1,4,Sep,29,IL,I7,T3,NA,NA
M1,5,Oct,1,IL,I7,T3,0,NA
M1,6,Oct,2,IL,I7,T3,1,NA
M1,7,Oct,3,IL,I7,T3,1,NA
M1,8,Oct,4,IL,I7,T3,3,NA
M1,9,Oct,5,IL,I7,T3,2,NA
M1,10,Oct,6,IL,I7,T3,0,NA
M1,11,Oct,7,IL,I7,T3,2,NA
M1,12,Oct,8,IL,I7,T3,15,NA
M1,13,Oct,9,IL,I7,T3,0,NA
M1,14,Oct,10,IL,I7,T3,3,26.12790741
M1,15,Oct,11,IL,I7,T3,2,25.89024306
M1,16,Oct,12,IL,I7,T3,0,25.94783333
M1,17,Oct,13,IL,I7,T3,2,25.63401389
M1,18,Oct,14,IL,I7,T3,0,25.48096528
M1,19,Oct,15,IL,I7,T3,0,25.70634028
M1,20,Oct,16,IL,I7,T3,0,25.80034028
M1,21,Oct,17,IL,I7,T3,0,25.4241875
M1,22,Oct,18,IL,I7,T3,0,25.88886806
M1,23,Oct,19,IL,I7,T3,0,25.92403472
M1,24,Oct,20,IL,I7,T3,NA,25.48961111
M1,25,Oct,21,IL,I7,T3,NA,25.21324306
M1,26,Oct,22,IL,I7,T3,NA,25.69167361
M1,27,Oct,23,IL,I7,T3,NA,26.31409722
M1,28,Oct,24,IL,I7,T3,NA,26.10539583
M1,1,Sep,26,IL,I8,T3,NA,NA
M1,2,Sep,27,IL,I8,T3,NA,NA
M1,3,Sep,28,IL,I8,T3,NA,NA
M1,4,Sep,29,IL,I8,T3,NA,NA
M1,5,Oct,1,IL,I8,T3,0,NA
M1,6,Oct,2,IL,I8,T3,0,NA
M1,7,Oct,3,IL,I8,T3,5,NA
M1,8,Oct,4,IL,I8,T3,0,NA
M1,9,Oct,5,IL,I8,T3,9,NA
M1,10,Oct,6,IL,I8,T3,8,NA
M1,11,Oct,7,IL,I8,T3,25,NA
M1,12,Oct,8,IL,I8,T3,4,NA
M1,13,Oct,9,IL,I8,T3,7,NA
M1,14,Oct,10,IL,I8,T3,48,26.12790741
M1,15,Oct,11,IL,I8,T3,77,25.89024306
M1,16,Oct,12,IL,I8,T3,109,25.94783333
M1,17,Oct,13,IL,I8,T3,190,25.63401389
M1,18,Oct,14,IL,I8,T3,60,25.48096528
M1,19,Oct,15,IL,I8,T3,120,25.70634028
M1,20,Oct,16,IL,I8,T3,41,25.80034028
M1,21,Oct,17,IL,I8,T3,0,25.4241875
M1,22,Oct,18,IL,I8,T3,38,25.88886806
M1,23,Oct,19,IL,I8,T3,17,25.92403472
M1,24,Oct,20,IL,I8,T3,12,25.48961111
M1,25,Oct,21,IL,I8,T3,23,25.21324306
M1,26,Oct,22,IL,I8,T3,1,25.69167361
M1,27,Oct,23,IL,I8,T3,1,26.31409722
M1,28,Oct,24,IL,I8,T3,NA,26.10539583
M1,1,Sep,26,IL,I9,T3,NA,NA
M1,2,Sep,27,IL,I9,T3,NA,NA
M1,3,Sep,28,IL,I9,T3,NA,NA
M1,4,Sep,29,IL,I9,T3,NA,NA
M1,5,Oct,1,IL,I9,T3,44,NA
M1,6,Oct,2,IL,I9,T3,74,NA
M1,7,Oct,3,IL,I9,T3,332,NA
M1,8,Oct,4,IL,I9,T3,689,NA
M1,9,Oct,5,IL,I9,T3,1193,NA
M1,10,Oct,6,IL,I9,T3,239,NA
M1,11,Oct,7,IL,I9,T3,150,NA
M1,12,Oct,8,IL,I9,T3,45,NA
M1,13,Oct,9,IL,I9,T3,12,NA
M1,14,Oct,10,IL,I9,T3,9,26.12790741
M1,15,Oct,11,IL,I9,T3,6,25.89024306
M1,16,Oct,12,IL,I9,T3,9,25.94783333
M1,17,Oct,13,IL,I9,T3,9,25.63401389
M1,18,Oct,14,IL,I9,T3,4,25.48096528
M1,19,Oct,15,IL,I9,T3,2,25.70634028
M1,20,Oct,16,IL,I9,T3,2,25.80034028
M1,21,Oct,17,IL,I9,T3,96,25.4241875
M1,22,Oct,18,IL,I9,T3,0,25.88886806
M1,23,Oct,19,IL,I9,T3,0,25.92403472
M1,24,Oct,20,IL,I9,T3,NA,25.48961111
M1,25,Oct,21,IL,I9,T3,NA,25.21324306
M1,26,Oct,22,IL,I9,T3,NA,25.69167361
M1,27,Oct,23,IL,I9,T3,NA,26.31409722
M1,28,Oct,24,IL,I9,T3,NA,26.10539583
M1,1,Sep,26,OL,O1,T1,NA,NA
M1,2,Sep,27,OL,O1,T1,NA,NA
M1,3,Sep,28,OL,O1,T1,NA,NA
M1,4,Sep,29,OL,O1,T1,NA,NA
M1,5,Oct,1,OL,O1,T1,5,NA
M1,6,Oct,2,OL,O1,T1,2,NA
M1,7,Oct,3,OL,O1,T1,10,NA
M1,8,Oct,4,OL,O1,T1,10,NA
M1,9,Oct,5,OL,O1,T1,6,NA
M1,10,Oct,6,OL,O1,T1,9,NA
M1,11,Oct,7,OL,O1,T1,9,NA
M1,12,Oct,8,OL,O1,T1,6,NA
M1,13,Oct,9,OL,O1,T1,0,NA
M1,14,Oct,10,OL,O1,T1,0,26.15322222
M1,15,Oct,11,OL,O1,T1,1,25.82140972
M1,16,Oct,12,OL,O1,T1,0,26.21244444
M1,17,Oct,13,OL,O1,T1,NA,25.99104861
M1,18,Oct,14,OL,O1,T1,NA,25.66329167
M1,19,Oct,15,OL,O1,T1,NA,25.88149306
M1,20,Oct,16,OL,O1,T1,NA,26.04179861
M1,21,Oct,17,OL,O1,T1,NA,25.71577083
M1,22,Oct,18,OL,O1,T1,NA,26.05463194
M1,23,Oct,19,OL,O1,T1,NA,26.19965278
M1,24,Oct,20,OL,O1,T1,NA,25.88213889
M1,25,Oct,21,OL,O1,T1,NA,25.56190972
M1,26,Oct,22,OL,O1,T1,NA,25.95595139
M1,27,Oct,23,OL,O1,T1,NA,26.56115278
M1,28,Oct,24,OL,O1,T1,NA,26.25649306
M1,1,Sep,26,OL,O2,T1,NA,NA
M1,2,Sep,27,OL,O2,T1,NA,NA
M1,3,Sep,28,OL,O2,T1,NA,NA
M1,4,Sep,29,OL,O2,T1,NA,NA
M1,5,Oct,1,OL,O2,T1,3,NA
M1,6,Oct,2,OL,O2,T1,4,NA
M1,7,Oct,3,OL,O2,T1,1,NA
M1,8,Oct,4,OL,O2,T1,2,NA
M1,9,Oct,5,OL,O2,T1,1,NA
M1,10,Oct,6,OL,O2,T1,2,NA
M1,11,Oct,7,OL,O2,T1,4,NA
M1,12,Oct,8,OL,O2,T1,1,NA
M1,13,Oct,9,OL,O2,T1,2,NA
M1,14,Oct,10,OL,O2,T1,0,26.15322222
M1,15,Oct,11,OL,O2,T1,0,25.82140972
M1,16,Oct,12,OL,O2,T1,0,26.21244444
M1,17,Oct,13,OL,O2,T1,NA,25.99104861
M1,18,Oct,14,OL,O2,T1,NA,25.66329167
M1,19,Oct,15,OL,O2,T1,NA,25.88149306
M1,20,Oct,16,OL,O2,T1,NA,26.04179861
M1,21,Oct,17,OL,O2,T1,NA,25.71577083
M1,22,Oct,18,OL,O2,T1,NA,26.05463194
M1,23,Oct,19,OL,O2,T1,NA,26.19965278
M1,24,Oct,20,OL,O2,T1,NA,25.88213889
M1,25,Oct,21,OL,O2,T1,NA,25.56190972
M1,26,Oct,22,OL,O2,T1,NA,25.95595139
M1,27,Oct,23,OL,O2,T1,NA,26.56115278
M1,28,Oct,24,OL,O2,T1,NA,26.25649306
M1,1,Sep,26,OL,O3,T1,NA,NA
M1,2,Sep,27,OL,O3,T1,NA,NA
M1,3,Sep,28,OL,O3,T1,NA,NA
M1,4,Sep,29,OL,O3,T1,NA,NA
M1,5,Oct,1,OL,O3,T1,0,NA
M1,6,Oct,2,OL,O3,T1,7,NA
M1,7,Oct,3,OL,O3,T1,3,NA
M1,8,Oct,4,OL,O3,T1,2,NA
M1,9,Oct,5,OL,O3,T1,1,NA
M1,10,Oct,6,OL,O3,T1,3,NA
M1,11,Oct,7,OL,O3,T1,1,NA
M1,12,Oct,8,OL,O3,T1,1,NA
M1,13,Oct,9,OL,O3,T1,0,NA
M1,14,Oct,10,OL,O3,T1,0,26.15322222
M1,15,Oct,11,OL,O3,T1,1,25.82140972
M1,16,Oct,12,OL,O3,T1,0,26.21244444
M1,17,Oct,13,OL,O3,T1,NA,25.99104861
M1,18,Oct,14,OL,O3,T1,NA,25.66329167
M1,19,Oct,15,OL,O3,T1,NA,25.88149306
M1,20,Oct,16,OL,O3,T1,NA,26.04179861
M1,21,Oct,17,OL,O3,T1,NA,25.71577083
M1,22,Oct,18,OL,O3,T1,NA,26.05463194
M1,23,Oct,19,OL,O3,T1,NA,26.19965278
M1,24,Oct,20,OL,O3,T1,NA,25.88213889
M1,25,Oct,21,OL,O3,T1,NA,25.56190972
M1,26,Oct,22,OL,O3,T1,NA,25.95595139
M1,27,Oct,23,OL,O3,T1,NA,26.56115278
M1,28,Oct,24,OL,O3,T1,NA,26.25649306
M1,1,Sep,26,OL,O4,T2,NA,NA
M1,2,Sep,27,OL,O4,T2,NA,NA
M1,3,Sep,28,OL,O4,T2,NA,NA
M1,4,Sep,29,OL,O4,T2,NA,NA
M1,5,Oct,1,OL,O4,T2,41,NA
M1,6,Oct,2,OL,O4,T2,22,NA
M1,7,Oct,3,OL,O4,T2,19,NA
M1,8,Oct,4,OL,O4,T2,10,NA
M1,9,Oct,5,OL,O4,T2,22,NA
M1,10,Oct,6,OL,O4,T2,17,NA
M1,11,Oct,7,OL,O4,T2,1,NA
M1,12,Oct,8,OL,O4,T2,3,NA
M1,13,Oct,9,OL,O4,T2,1,NA
M1,14,Oct,10,OL,O4,T2,1,26.07377778
M1,15,Oct,11,OL,O4,T2,12,25.8184375
M1,16,Oct,12,OL,O4,T2,0,26.20024306
M1,17,Oct,13,OL,O4,T2,NA,25.99370139
M1,18,Oct,14,OL,O4,T2,NA,25.68945833
M1,19,Oct,15,OL,O4,T2,NA,25.83132639
M1,20,Oct,16,OL,O4,T2,NA,25.98633333
M1,21,Oct,17,OL,O4,T2,NA,25.63951389
M1,22,Oct,18,OL,O4,T2,NA,25.882875
M1,23,Oct,19,OL,O4,T2,NA,26.12098611
M1,24,Oct,20,OL,O4,T2,NA,25.86925
M1,25,Oct,21,OL,O4,T2,NA,25.5625625
M1,26,Oct,22,OL,O4,T2,NA,25.89424306
M1,27,Oct,23,OL,O4,T2,NA,26.49250694
M1,28,Oct,24,OL,O4,T2,NA,26.14325694
M1,1,Sep,26,OL,O5,T2,NA,NA
M1,2,Sep,27,OL,O5,T2,NA,NA
M1,3,Sep,28,OL,O5,T2,NA,NA
M1,4,Sep,29,OL,O5,T2,NA,NA
M1,5,Oct,1,OL,O5,T2,16,NA
M1,6,Oct,2,OL,O5,T2,16,NA
M1,7,Oct,3,OL,O5,T2,19,NA
M1,8,Oct,4,OL,O5,T2,14,NA
M1,9,Oct,5,OL,O5,T2,16,NA
M1,10,Oct,6,OL,O5,T2,16,NA
M1,11,Oct,7,OL,O5,T2,12,NA
M1,12,Oct,8,OL,O5,T2,2,NA
M1,13,Oct,9,OL,O5,T2,2,NA
M1,14,Oct,10,OL,O5,T2,4,26.07377778
M1,15,Oct,11,OL,O5,T2,1,25.8184375
M1,16,Oct,12,OL,O5,T2,0,26.20024306
M1,17,Oct,13,OL,O5,T2,NA,25.99370139
M1,18,Oct,14,OL,O5,T2,NA,25.68945833
M1,19,Oct,15,OL,O5,T2,NA,25.83132639
M1,20,Oct,16,OL,O5,T2,NA,25.98633333
M1,21,Oct,17,OL,O5,T2,NA,25.63951389
M1,22,Oct,18,OL,O5,T2,NA,25.882875
M1,23,Oct,19,OL,O5,T2,NA,26.12098611
M1,24,Oct,20,OL,O5,T2,NA,25.86925
M1,25,Oct,21,OL,O5,T2,NA,25.5625625
M1,26,Oct,22,OL,O5,T2,NA,25.89424306
M1,27,Oct,23,OL,O5,T2,NA,26.49250694
M1,28,Oct,24,OL,O5,T2,NA,26.14325694
M1,1,Sep,26,OL,O6,T2,NA,NA
M1,2,Sep,27,OL,O6,T2,NA,NA
M1,3,Sep,28,OL,O6,T2,NA,NA
M1,4,Sep,29,OL,O6,T2,NA,NA
M1,5,Oct,1,OL,O6,T2,1,NA
M1,6,Oct,2,OL,O6,T2,13,NA
M1,7,Oct,3,OL,O6,T2,25,NA
M1,8,Oct,4,OL,O6,T2,5,NA
M1,9,Oct,5,OL,O6,T2,19,NA
M1,10,Oct,6,OL,O6,T2,19,NA
M1,11,Oct,7,OL,O6,T2,4,NA
M1,12,Oct,8,OL,O6,T2,11,NA
M1,13,Oct,9,OL,O6,T2,2,NA
M1,14,Oct,10,OL,O6,T2,9,26.07377778
M1,15,Oct,11,OL,O6,T2,1,25.8184375
M1,16,Oct,12,OL,O6,T2,0,26.20024306
M1,17,Oct,13,OL,O6,T2,NA,25.99370139
M1,18,Oct,14,OL,O6,T2,NA,25.68945833
M1,19,Oct,15,OL,O6,T2,NA,25.83132639
M1,20,Oct,16,OL,O6,T2,NA,25.98633333
M1,21,Oct,17,OL,O6,T2,NA,25.63951389
M1,22,Oct,18,OL,O6,T2,NA,25.882875
M1,23,Oct,19,OL,O6,T2,NA,26.12098611
M1,24,Oct,20,OL,O6,T2,NA,25.86925
M1,25,Oct,21,OL,O6,T2,NA,25.5625625
M1,26,Oct,22,OL,O6,T2,NA,25.89424306
M1,27,Oct,23,OL,O6,T2,NA,26.49250694
M1,28,Oct,24,OL,O6,T2,NA,26.14325694
M1,1,Sep,26,OL,O7,T3,NA,NA
M1,2,Sep,27,OL,O7,T3,NA,NA
M1,3,Sep,28,OL,O7,T3,NA,NA
M1,4,Sep,29,OL,O7,T3,NA,NA
M1,5,Oct,1,OL,O7,T3,0,NA
M1,6,Oct,2,OL,O7,T3,13,NA
M1,7,Oct,3,OL,O7,T3,2,NA
M1,8,Oct,4,OL,O7,T3,13,NA
M1,9,Oct,5,OL,O7,T3,6,NA
M1,10,Oct,6,OL,O7,T3,1,NA
M1,11,Oct,7,OL,O7,T3,0,NA
M1,12,Oct,8,OL,O7,T3,0,NA
M1,13,Oct,9,OL,O7,T3,0,NA
M1,14,Oct,10,OL,O7,T3,0,26.12790741
M1,15,Oct,11,OL,O7,T3,0,25.89024306
M1,16,Oct,12,OL,O7,T3,0,25.94783333
M1,17,Oct,13,OL,O7,T3,NA,25.63401389
M1,18,Oct,14,OL,O7,T3,NA,25.48096528
M1,19,Oct,15,OL,O7,T3,NA,25.70634028
M1,20,Oct,16,OL,O7,T3,NA,25.80034028
M1,21,Oct,17,OL,O7,T3,NA,25.4241875
M1,22,Oct,18,OL,O7,T3,NA,25.88886806
M1,23,Oct,19,OL,O7,T3,NA,25.92403472
M1,24,Oct,20,OL,O7,T3,NA,25.48961111
M1,25,Oct,21,OL,O7,T3,NA,25.21324306
M1,26,Oct,22,OL,O7,T3,NA,25.69167361
M1,27,Oct,23,OL,O7,T3,NA,26.31409722
M1,28,Oct,24,OL,O7,T3,NA,26.10539583
M1,1,Sep,26,OL,O8,T3,NA,NA
M1,2,Sep,27,OL,O8,T3,NA,NA
M1,3,Sep,28,OL,O8,T3,NA,NA
M1,4,Sep,29,OL,O8,T3,NA,NA
M1,5,Oct,1,OL,O8,T3,0,NA
M1,6,Oct,2,OL,O8,T3,7,NA
M1,7,Oct,3,OL,O8,T3,11,NA
M1,8,Oct,4,OL,O8,T3,3,NA
M1,9,Oct,5,OL,O8,T3,6,NA
M1,10,Oct,6,OL,O8,T3,4,NA
M1,11,Oct,7,OL,O8,T3,2,NA
M1,12,Oct,8,OL,O8,T3,0,NA
M1,13,Oct,9,OL,O8,T3,0,NA
M1,14,Oct,10,OL,O8,T3,0,26.12790741
M1,15,Oct,11,OL,O8,T3,0,25.89024306
M1,16,Oct,12,OL,O8,T3,0,25.94783333
M1,17,Oct,13,OL,O8,T3,NA,25.63401389
M1,18,Oct,14,OL,O8,T3,NA,25.48096528
M1,19,Oct,15,OL,O8,T3,NA,25.70634028
M1,20,Oct,16,OL,O8,T3,NA,25.80034028
M1,21,Oct,17,OL,O8,T3,NA,25.4241875
M1,22,Oct,18,OL,O8,T3,NA,25.88886806
M1,23,Oct,19,OL,O8,T3,NA,25.92403472
M1,24,Oct,20,OL,O8,T3,NA,25.48961111
M1,25,Oct,21,OL,O8,T3,NA,25.21324306
M1,26,Oct,22,OL,O8,T3,NA,25.69167361
M1,27,Oct,23,OL,O8,T3,NA,26.31409722
M1,28,Oct,24,OL,O8,T3,NA,26.10539583
M1,1,Sep,26,OL,O9,T3,NA,NA
M1,2,Sep,27,OL,O9,T3,NA,NA
M1,3,Sep,28,OL,O9,T3,NA,NA
M1,4,Sep,29,OL,O9,T3,NA,NA
M1,5,Oct,1,OL,O9,T3,4,NA
M1,6,Oct,2,OL,O9,T3,8,NA
M1,7,Oct,3,OL,O9,T3,5,NA
M1,8,Oct,4,OL,O9,T3,23,NA
M1,9,Oct,5,OL,O9,T3,3,NA
M1,10,Oct,6,OL,O9,T3,6,NA
M1,11,Oct,7,OL,O9,T3,3,NA
M1,12,Oct,8,OL,O9,T3,0,NA
M1,13,Oct,9,OL,O9,T3,0,NA
M1,14,Oct,10,OL,O9,T3,0,26.12790741
M1,15,Oct,11,OL,O9,T3,0,25.89024306
M1,16,Oct,12,OL,O9,T3,0,25.94783333
M1,17,Oct,13,OL,O9,T3,NA,25.63401389
M1,18,Oct,14,OL,O9,T3,NA,25.48096528
M1,19,Oct,15,OL,O9,T3,NA,25.70634028
M1,20,Oct,16,OL,O9,T3,NA,25.80034028
M1,21,Oct,17,OL,O9,T3,NA,25.4241875
M1,22,Oct,18,OL,O9,T3,NA,25.88886806
M1,23,Oct,19,OL,O9,T3,NA,25.92403472
M1,24,Oct,20,OL,O9,T3,NA,25.48961111
M1,25,Oct,21,OL,O9,T3,NA,25.21324306
M1,26,Oct,22,OL,O9,T3,NA,25.69167361
M1,27,Oct,23,OL,O9,T3,NA,26.31409722
M1,28,Oct,24,OL,O9,T3,NA,26.10539583
M2,1,Oct,26,IL,I1,T1,NA,25.51002083
M2,2,Oct,27,IL,I1,T1,NA,25.72272917
M2,3,Oct,28,IL,I1,T1,NA,26.31446528
M2,4,Oct,29,IL,I1,T1,NA,27.90640278
M2,5,Oct,30,IL,I1,T1,NA,28.39379167
M2,6,Nov,1,IL,I1,T1,NA,27.65970139
M2,7,Nov,2,IL,I1,T1,4,27.23138194
M2,8,Nov,3,IL,I1,T1,0,27.23614583
M2,9,Nov,4,IL,I1,T1,0,26.80969444
M2,10,Nov,5,IL,I1,T1,0,26.16579861
M2,11,Nov,6,IL,I1,T1,0,26.00052778
M2,12,Nov,7,IL,I1,T1,0,26.31161806
M2,13,Nov,8,IL,I1,T1,0,26.22404861
M2,14,Nov,9,IL,I1,T1,0,25.07334028
M2,15,Nov,10,IL,I1,T1,0,24.09490278
M2,16,Nov,11,IL,I1,T1,0,23.39176104
M2,17,Nov,12,IL,I1,T1,0,23.90860835
M2,18,Nov,13,IL,I1,T1,0,24.30156401
M2,19,Nov,14,IL,I1,T1,0,23.94100708
M2,20,Nov,15,IL,I1,T1,NA,24.31586414
M2,21,Nov,16,IL,I1,T1,NA,25.05686412
M2,22,Nov,17,IL,I1,T1,NA,25.75600642
M2,23,Nov,18,IL,I1,T1,NA,26.01445148
M2,24,Nov,19,IL,I1,T1,NA,26.58608429
M2,25,Nov,20,IL,I1,T1,NA,26.07850415
M2,26,Nov,21,IL,I1,T1,NA,24.97188261
M2,27,Nov,22,IL,I1,T1,NA,25.02275235
M2,28,Nov,23,IL,I1,T1,NA,24.52239675
M2,1,Oct,26,IL,I2,T1,NA,25.51002083
M2,2,Oct,27,IL,I2,T1,NA,25.72272917
M2,3,Oct,28,IL,I2,T1,NA,26.31446528
M2,4,Oct,29,IL,I2,T1,NA,27.90640278
M2,5,Oct,30,IL,I2,T1,NA,28.39379167
M2,6,Nov,1,IL,I2,T1,NA,27.65970139
M2,7,Nov,2,IL,I2,T1,2,27.23138194
M2,8,Nov,3,IL,I2,T1,0,27.23614583
M2,9,Nov,4,IL,I2,T1,1,26.80969444
M2,10,Nov,5,IL,I2,T1,0,26.16579861
M2,11,Nov,6,IL,I2,T1,0,26.00052778
M2,12,Nov,7,IL,I2,T1,0,26.31161806
M2,13,Nov,8,IL,I2,T1,1,26.22404861
M2,14,Nov,9,IL,I2,T1,0,25.07334028
M2,15,Nov,10,IL,I2,T1,11,24.09490278
M2,16,Nov,11,IL,I2,T1,0,23.39176104
M2,17,Nov,12,IL,I2,T1,0,23.90860835
M2,18,Nov,13,IL,I2,T1,0,24.30156401
M2,19,Nov,14,IL,I2,T1,0,23.94100708
M2,20,Nov,15,IL,I2,T1,NA,24.31586414
M2,21,Nov,16,IL,I2,T1,NA,25.05686412
M2,22,Nov,17,IL,I2,T1,NA,25.75600642
M2,23,Nov,18,IL,I2,T1,NA,26.01445148
M2,24,Nov,19,IL,I2,T1,NA,26.58608429
M2,25,Nov,20,IL,I2,T1,NA,26.07850415
M2,26,Nov,21,IL,I2,T1,NA,24.97188261
M2,27,Nov,22,IL,I2,T1,NA,25.02275235
M2,28,Nov,23,IL,I2,T1,NA,24.52239675
M2,1,Oct,26,IL,I3,T1,NA,25.51002083
M2,2,Oct,27,IL,I3,T1,NA,25.72272917
M2,3,Oct,28,IL,I3,T1,NA,26.31446528
M2,4,Oct,29,IL,I3,T1,NA,27.90640278
M2,5,Oct,30,IL,I3,T1,NA,28.39379167
M2,6,Nov,1,IL,I3,T1,NA,27.65970139
M2,7,Nov,2,IL,I3,T1,0,27.23138194
M2,8,Nov,3,IL,I3,T1,2,27.23614583
M2,9,Nov,4,IL,I3,T1,7,26.80969444
M2,10,Nov,5,IL,I3,T1,0,26.16579861
M2,11,Nov,6,IL,I3,T1,0,26.00052778
M2,12,Nov,7,IL,I3,T1,1,26.31161806
M2,13,Nov,8,IL,I3,T1,0,26.22404861
M2,14,Nov,9,IL,I3,T1,0,25.07334028
M2,15,Nov,10,IL,I3,T1,0,24.09490278
M2,16,Nov,11,IL,I3,T1,0,23.39176104
M2,17,Nov,12,IL,I3,T1,0,23.90860835
M2,18,Nov,13,IL,I3,T1,0,24.30156401
M2,19,Nov,14,IL,I3,T1,0,23.94100708
M2,20,Nov,15,IL,I3,T1,NA,24.31586414
M2,21,Nov,16,IL,I3,T1,NA,25.05686412
M2,22,Nov,17,IL,I3,T1,NA,25.75600642
M2,23,Nov,18,IL,I3,T1,NA,26.01445148
M2,24,Nov,19,IL,I3,T1,NA,26.58608429
M2,25,Nov,20,IL,I3,T1,NA,26.07850415
M2,26,Nov,21,IL,I3,T1,NA,24.97188261
M2,27,Nov,22,IL,I3,T1,NA,25.02275235
M2,28,Nov,23,IL,I3,T1,NA,24.52239675
M2,1,Oct,26,IL,I4,T2,NA,25.21403472
M2,2,Oct,27,IL,I4,T2,NA,25.57288194
M2,3,Oct,28,IL,I4,T2,NA,26.1741875
M2,4,Oct,29,IL,I4,T2,NA,27.83166667
M2,5,Oct,30,IL,I4,T2,NA,28.34420139
M2,6,Nov,1,IL,I4,T2,NA,27.58454167
M2,7,Nov,2,IL,I4,T2,0,27.18222917
M2,8,Nov,3,IL,I4,T2,0,27.20061806
M2,9,Nov,4,IL,I4,T2,93,26.85323611
M2,10,Nov,5,IL,I4,T2,4,26.19826389
M2,11,Nov,6,IL,I4,T2,0,25.97954167
M2,12,Nov,7,IL,I4,T2,0,26.20921528
M2,13,Nov,8,IL,I4,T2,0,26.12233333
M2,14,Nov,9,IL,I4,T2,0,25.01544444
M2,15,Nov,10,IL,I4,T2,0,24.01724306
M2,16,Nov,11,IL,I4,T2,0,23.24514479
M2,17,Nov,12,IL,I4,T2,0,23.73194216
M2,18,Nov,13,IL,I4,T2,0,24.17718267
M2,19,Nov,14,IL,I4,T2,0,23.78206709
M2,20,Nov,15,IL,I4,T2,NA,24.20004798
M2,21,Nov,16,IL,I4,T2,NA,24.88853967
M2,22,Nov,17,IL,I4,T2,NA,25.55759211
M2,23,Nov,18,IL,I4,T2,NA,25.79950265
M2,24,Nov,19,IL,I4,T2,NA,26.36443227
M2,25,Nov,20,IL,I4,T2,NA,25.86303396
M2,26,Nov,21,IL,I4,T2,NA,24.74754932
M2,27,Nov,22,IL,I4,T2,NA,24.76378593
M2,28,Nov,23,IL,I4,T2,NA,24.18880152
M2,1,Oct,26,IL,I5,T2,NA,25.21403472
M2,2,Oct,27,IL,I5,T2,NA,25.57288194
M2,3,Oct,28,IL,I5,T2,NA,26.1741875
M2,4,Oct,29,IL,I5,T2,NA,27.83166667
M2,5,Oct,30,IL,I5,T2,NA,28.34420139
M2,6,Nov,1,IL,I5,T2,NA,27.58454167
M2,7,Nov,2,IL,I5,T2,57,27.18222917
M2,8,Nov,3,IL,I5,T2,115,27.20061806
M2,9,Nov,4,IL,I5,T2,16,26.85323611
M2,10,Nov,5,IL,I5,T2,18,26.19826389
M2,11,Nov,6,IL,I5,T2,1,25.97954167
M2,12,Nov,7,IL,I5,T2,1,26.20921528
M2,13,Nov,8,IL,I5,T2,0,26.12233333
M2,14,Nov,9,IL,I5,T2,0,25.01544444
M2,15,Nov,10,IL,I5,T2,1,24.01724306
M2,16,Nov,11,IL,I5,T2,0,23.24514479
M2,17,Nov,12,IL,I5,T2,0,23.73194216
M2,18,Nov,13,IL,I5,T2,0,24.17718267
M2,19,Nov,14,IL,I5,T2,0,23.78206709
M2,20,Nov,15,IL,I5,T2,NA,24.20004798
M2,21,Nov,16,IL,I5,T2,NA,24.88853967
M2,22,Nov,17,IL,I5,T2,NA,25.55759211
M2,23,Nov,18,IL,I5,T2,NA,25.79950265
M2,24,Nov,19,IL,I5,T2,NA,26.36443227
M2,25,Nov,20,IL,I5,T2,NA,25.86303396
M2,26,Nov,21,IL,I5,T2,NA,24.74754932
M2,27,Nov,22,IL,I5,T2,NA,24.76378593
M2,28,Nov,23,IL,I5,T2,NA,24.18880152
M2,1,Oct,26,IL,I6,T2,NA,25.21403472
M2,2,Oct,27,IL,I6,T2,NA,25.57288194
M2,3,Oct,28,IL,I6,T2,NA,26.1741875
M2,4,Oct,29,IL,I6,T2,NA,27.83166667
M2,5,Oct,30,IL,I6,T2,NA,28.34420139
M2,6,Nov,1,IL,I6,T2,NA,27.58454167
M2,7,Nov,2,IL,I6,T2,0,27.18222917
M2,8,Nov,3,IL,I6,T2,1,27.20061806
M2,9,Nov,4,IL,I6,T2,1,26.85323611
M2,10,Nov,5,IL,I6,T2,0,26.19826389
M2,11,Nov,6,IL,I6,T2,0,25.97954167
M2,12,Nov,7,IL,I6,T2,0,26.20921528
M2,13,Nov,8,IL,I6,T2,0,26.12233333
M2,14,Nov,9,IL,I6,T2,0,25.01544444
M2,15,Nov,10,IL,I6,T2,0,24.01724306
M2,16,Nov,11,IL,I6,T2,3,23.24514479
M2,17,Nov,12,IL,I6,T2,0,23.73194216
M2,18,Nov,13,IL,I6,T2,0,24.17718267
M2,19,Nov,14,IL,I6,T2,0,23.78206709
M2,20,Nov,15,IL,I6,T2,NA,24.20004798
M2,21,Nov,16,IL,I6,T2,NA,24.88853967
M2,22,Nov,17,IL,I6,T2,NA,25.55759211
M2,23,Nov,18,IL,I6,T2,NA,25.79950265
M2,24,Nov,19,IL,I6,T2,NA,26.36443227
M2,25,Nov,20,IL,I6,T2,NA,25.86303396
M2,26,Nov,21,IL,I6,T2,NA,24.74754932
M2,27,Nov,22,IL,I6,T2,NA,24.76378593
M2,28,Nov,23,IL,I6,T2,NA,24.18880152
M2,1,Oct,26,IL,I7,T3,NA,25.3250625
M2,2,Oct,27,IL,I7,T3,NA,25.64031944
M2,3,Oct,28,IL,I7,T3,NA,26.16874306
M2,4,Oct,29,IL,I7,T3,NA,27.75406944
M2,5,Oct,30,IL,I7,T3,NA,28.33392361
M2,6,Nov,1,IL,I7,T3,NA,27.48884722
M2,7,Nov,2,IL,I7,T3,0,27.08265972
M2,8,Nov,3,IL,I7,T3,0,27.14942361
M2,9,Nov,4,IL,I7,T3,0,26.75190278
M2,10,Nov,5,IL,I7,T3,0,26.07015972
M2,11,Nov,6,IL,I7,T3,0,25.89765278
M2,12,Nov,7,IL,I7,T3,0,26.16329167
M2,13,Nov,8,IL,I7,T3,0,26.09459722
M2,14,Nov,9,IL,I7,T3,0,24.92533333
M2,15,Nov,10,IL,I7,T3,0,23.97039583
M2,16,Nov,11,IL,I7,T3,0,23.21607087
M2,17,Nov,12,IL,I7,T3,0,23.8363629
M2,18,Nov,13,IL,I7,T3,0,24.12281238
M2,19,Nov,14,IL,I7,T3,0,23.75815906
M2,20,Nov,15,IL,I7,T3,NA,24.21375227
M2,21,Nov,16,IL,I7,T3,NA,24.9128201
M2,22,Nov,17,IL,I7,T3,NA,25.60153522
M2,23,Nov,18,IL,I7,T3,NA,25.84836143
M2,24,Nov,19,IL,I7,T3,NA,26.49529336
M2,25,Nov,20,IL,I7,T3,NA,26.0358272
M2,26,Nov,21,IL,I7,T3,NA,24.88727351
M2,27,Nov,22,IL,I7,T3,NA,24.97583004
M2,28,Nov,23,IL,I7,T3,NA,24.36263748
M2,1,Oct,26,IL,I8,T3,NA,25.3250625
M2,2,Oct,27,IL,I8,T3,NA,25.64031944
M2,3,Oct,28,IL,I8,T3,NA,26.16874306
M2,4,Oct,29,IL,I8,T3,NA,27.75406944
M2,5,Oct,30,IL,I8,T3,NA,28.33392361
M2,6,Nov,1,IL,I8,T3,NA,27.48884722
M2,7,Nov,2,IL,I8,T3,0,27.08265972
M2,8,Nov,3,IL,I8,T3,0,27.14942361
M2,9,Nov,4,IL,I8,T3,0,26.75190278
M2,10,Nov,5,IL,I8,T3,0,26.07015972
M2,11,Nov,6,IL,I8,T3,0,25.89765278
M2,12,Nov,7,IL,I8,T3,0,26.16329167
M2,13,Nov,8,IL,I8,T3,0,26.09459722
M2,14,Nov,9,IL,I8,T3,0,24.92533333
M2,15,Nov,10,IL,I8,T3,0,23.97039583
M2,16,Nov,11,IL,I8,T3,0,23.21607087
M2,17,Nov,12,IL,I8,T3,0,23.8363629
M2,18,Nov,13,IL,I8,T3,0,24.12281238
M2,19,Nov,14,IL,I8,T3,0,23.75815906
M2,20,Nov,15,IL,I8,T3,NA,24.21375227
M2,21,Nov,16,IL,I8,T3,NA,24.9128201
M2,22,Nov,17,IL,I8,T3,NA,25.60153522
M2,23,Nov,18,IL,I8,T3,NA,25.84836143
M2,24,Nov,19,IL,I8,T3,NA,26.49529336
M2,25,Nov,20,IL,I8,T3,NA,26.0358272
M2,26,Nov,21,IL,I8,T3,NA,24.88727351
M2,27,Nov,22,IL,I8,T3,NA,24.97583004
M2,28,Nov,23,IL,I8,T3,NA,24.36263748
M2,1,Oct,26,IL,I9,T3,NA,25.3250625
M2,2,Oct,27,IL,I9,T3,NA,25.64031944
M2,3,Oct,28,IL,I9,T3,NA,26.16874306
M2,4,Oct,29,IL,I9,T3,NA,27.75406944
M2,5,Oct,30,IL,I9,T3,NA,28.33392361
M2,6,Nov,1,IL,I9,T3,NA,27.48884722
M2,7,Nov,2,IL,I9,T3,0,27.08265972
M2,8,Nov,3,IL,I9,T3,0,27.14942361
M2,9,Nov,4,IL,I9,T3,0,26.75190278
M2,10,Nov,5,IL,I9,T3,0,26.07015972
M2,11,Nov,6,IL,I9,T3,0,25.89765278
M2,12,Nov,7,IL,I9,T3,0,26.16329167
M2,13,Nov,8,IL,I9,T3,0,26.09459722
M2,14,Nov,9,IL,I9,T3,0,24.92533333
M2,15,Nov,10,IL,I9,T3,0,23.97039583
M2,16,Nov,11,IL,I9,T3,0,23.21607087
M2,17,Nov,12,IL,I9,T3,0,23.8363629
M2,18,Nov,13,IL,I9,T3,0,24.12281238
M2,19,Nov,14,IL,I9,T3,0,23.75815906
M2,20,Nov,15,OL,I9,T3,NA,24.21375227
M2,21,Nov,16,OL,I9,T3,NA,24.9128201
M2,22,Nov,17,OL,I9,T3,NA,25.60153522
M2,23,Nov,18,OL,I9,T3,NA,25.84836143
M2,24,Nov,19,OL,I9,T3,NA,26.49529336
M2,25,Nov,20,OL,I9,T3,NA,26.0358272
M2,26,Nov,21,OL,I9,T3,NA,24.88727351
M2,27,Nov,22,OL,I9,T3,NA,24.97583004
M2,28,Nov,23,OL,I9,T3,NA,24.36263748
M2,1,Oct,26,OL,O1,T1,NA,25.51002083
M2,2,Oct,27,OL,O1,T1,NA,25.72272917
M2,3,Oct,28,OL,O1,T1,NA,26.31446528
M2,4,Oct,29,OL,O1,T1,NA,27.90640278
M2,5,Oct,30,OL,O1,T1,0,28.39379167
M2,6,Nov,1,OL,O1,T1,3,27.65970139
M2,7,Nov,2,OL,O1,T1,1,27.23138194
M2,8,Nov,3,OL,O1,T1,0,27.23614583
M2,9,Nov,4,OL,O1,T1,1,26.80969444
M2,10,Nov,5,OL,O1,T1,1,26.16579861
M2,11,Nov,6,OL,O1,T1,0,26.00052778
M2,12,Nov,7,OL,O1,T1,0,26.31161806
M2,13,Nov,8,OL,O1,T1,0,26.22404861
M2,14,Nov,9,OL,O1,T1,0,25.07334028
M2,15,Nov,10,OL,O1,T1,1,24.09490278
M2,16,Nov,11,OL,O1,T1,0,23.39176104
M2,17,Nov,12,OL,O1,T1,0,23.90860835
M2,18,Nov,13,OL,O1,T1,1,24.30156401
M2,19,Nov,14,OL,O1,T1,0,23.94100708
M2,20,Nov,15,OL,O1,T1,NA,24.31586414
M2,21,Nov,16,OL,O1,T1,NA,25.05686412
M2,22,Nov,17,OL,O1,T1,NA,25.75600642
M2,23,Nov,18,OL,O1,T1,NA,26.01445148
M2,24,Nov,19,OL,O1,T1,NA,26.58608429
M2,25,Nov,20,OL,O1,T1,NA,26.07850415
M2,26,Nov,21,OL,O1,T1,NA,24.97188261
M2,27,Nov,22,OL,O1,T1,NA,25.02275235
M2,28,Nov,23,OL,O1,T1,NA,24.52239675
M2,1,Oct,26,OL,O2,T1,NA,25.51002083
M2,2,Oct,27,OL,O2,T1,NA,25.72272917
M2,3,Oct,28,OL,O2,T1,NA,26.31446528
M2,4,Oct,29,OL,O2,T1,NA,27.90640278
M2,5,Oct,30,OL,O2,T1,0,28.39379167
M2,6,Nov,1,OL,O2,T1,2,27.65970139
M2,7,Nov,2,OL,O2,T1,0,27.23138194
M2,8,Nov,3,OL,O2,T1,3,27.23614583
M2,9,Nov,4,OL,O2,T1,2,26.80969444
M2,10,Nov,5,OL,O2,T1,1,26.16579861
M2,11,Nov,6,OL,O2,T1,3,26.00052778
M2,12,Nov,7,OL,O2,T1,0,26.31161806
M2,13,Nov,8,OL,O2,T1,1,26.22404861
M2,14,Nov,9,OL,O2,T1,1,25.07334028
M2,15,Nov,10,OL,O2,T1,0,24.09490278
M2,16,Nov,11,OL,O2,T1,0,23.39176104
M2,17,Nov,12,OL,O2,T1,0,23.90860835
M2,18,Nov,13,OL,O2,T1,0,24.30156401
M2,19,Nov,14,OL,O2,T1,0,23.94100708
M2,20,Nov,15,OL,O2,T1,NA,24.31586414
M2,21,Nov,16,OL,O2,T1,NA,25.05686412
M2,22,Nov,17,OL,O2,T1,NA,25.75600642
M2,23,Nov,18,OL,O2,T1,NA,26.01445148
M2,24,Nov,19,OL,O2,T1,NA,26.58608429
M2,25,Nov,20,OL,O2,T1,NA,26.07850415
M2,26,Nov,21,OL,O2,T1,NA,24.97188261
M2,27,Nov,22,OL,O2,T1,NA,25.02275235
M2,28,Nov,23,OL,O2,T1,NA,24.52239675
M2,1,Oct,26,OL,O3,T1,NA,25.51002083
M2,2,Oct,27,OL,O3,T1,NA,25.72272917
M2,3,Oct,28,OL,O3,T1,NA,26.31446528
M2,4,Oct,29,OL,O3,T1,NA,27.90640278
M2,5,Oct,30,OL,O3,T1,0,28.39379167
M2,6,Nov,1,OL,O3,T1,8,27.65970139
M2,7,Nov,2,OL,O3,T1,1,27.23138194
M2,8,Nov,3,OL,O3,T1,0,27.23614583
M2,9,Nov,4,OL,O3,T1,2,26.80969444
M2,10,Nov,5,OL,O3,T1,6,26.16579861
M2,11,Nov,6,OL,O3,T1,0,26.00052778
M2,12,Nov,7,OL,O3,T1,1,26.31161806
M2,13,Nov,8,OL,O3,T1,0,26.22404861
M2,14,Nov,9,OL,O3,T1,0,25.07334028
M2,15,Nov,10,OL,O3,T1,0,24.09490278
M2,16,Nov,11,OL,O3,T1,0,23.39176104
M2,17,Nov,12,OL,O3,T1,0,23.90860835
M2,18,Nov,13,OL,O3,T1,0,24.30156401
M2,19,Nov,14,OL,O3,T1,0,23.94100708
M2,20,Nov,15,OL,O3,T1,NA,24.31586414
M2,21,Nov,16,OL,O3,T1,NA,25.05686412
M2,22,Nov,17,OL,O3,T1,NA,25.75600642
M2,23,Nov,18,OL,O3,T1,NA,26.01445148
M2,24,Nov,19,OL,O3,T1,NA,26.58608429
M2,25,Nov,20,OL,O3,T1,NA,26.07850415
M2,26,Nov,21,OL,O3,T1,NA,24.97188261
M2,27,Nov,22,OL,O3,T1,NA,25.02275235
M2,28,Nov,23,OL,O3,T1,NA,24.52239675
M2,1,Oct,26,OL,O4,T2,NA,25.21403472
M2,2,Oct,27,OL,O4,T2,NA,25.57288194
M2,3,Oct,28,OL,O4,T2,NA,26.1741875
M2,4,Oct,29,OL,O4,T2,NA,27.83166667
M2,5,Oct,30,OL,O4,T2,12,28.34420139
M2,6,Nov,1,OL,O4,T2,1,27.58454167
M2,7,Nov,2,OL,O4,T2,2,27.18222917
M2,8,Nov,3,OL,O4,T2,7,27.20061806
M2,9,Nov,4,OL,O4,T2,0,26.85323611
M2,10,Nov,5,OL,O4,T2,69,26.19826389
M2,11,Nov,6,OL,O4,T2,26,25.97954167
M2,12,Nov,7,OL,O4,T2,48,26.20921528
M2,13,Nov,8,OL,O4,T2,16,26.12233333
M2,14,Nov,9,OL,O4,T2,8,25.01544444
M2,15,Nov,10,OL,O4,T2,0,24.01724306
M2,16,Nov,11,OL,O4,T2,0,23.24514479
M2,17,Nov,12,OL,O4,T2,0,23.73194216
M2,18,Nov,13,OL,O4,T2,0,24.17718267
M2,19,Nov,14,OL,O4,T2,0,23.78206709
M2,20,Nov,15,OL,O4,T2,NA,24.20004798
M2,21,Nov,16,OL,O4,T2,NA,24.88853967
M2,22,Nov,17,OL,O4,T2,NA,25.55759211
M2,23,Nov,18,OL,O4,T2,NA,25.79950265
M2,24,Nov,19,OL,O4,T2,NA,26.36443227
M2,25,Nov,20,OL,O4,T2,NA,25.86303396
M2,26,Nov,21,OL,O4,T2,NA,24.74754932
M2,27,Nov,22,OL,O4,T2,NA,24.76378593
M2,28,Nov,23,OL,O4,T2,NA,24.18880152
M2,1,Oct,26,OL,O5,T2,NA,25.21403472
M2,2,Oct,27,OL,O5,T2,NA,25.57288194
M2,3,Oct,28,OL,O5,T2,NA,26.1741875
M2,4,Oct,29,OL,O5,T2,NA,27.83166667
M2,5,Oct,30,OL,O5,T2,12,28.34420139
M2,6,Nov,1,OL,O5,T2,4,27.58454167
M2,7,Nov,2,OL,O5,T2,3,27.18222917
M2,8,Nov,3,OL,O5,T2,4,27.20061806
M2,9,Nov,4,OL,O5,T2,0,26.85323611
M2,10,Nov,5,OL,O5,T2,11,26.19826389
M2,11,Nov,6,OL,O5,T2,24,25.97954167
M2,12,Nov,7,OL,O5,T2,19,26.20921528
M2,13,Nov,8,OL,O5,T2,11,26.12233333
M2,14,Nov,9,OL,O5,T2,1,25.01544444
M2,15,Nov,10,OL,O5,T2,0,24.01724306
M2,16,Nov,11,OL,O5,T2,0,23.24514479
M2,17,Nov,12,OL,O5,T2,0,23.73194216
M2,18,Nov,13,OL,O5,T2,1,24.17718267
M2,19,Nov,14,OL,O5,T2,0,23.78206709
M2,20,Nov,15,OL,O5,T2,NA,24.20004798
M2,21,Nov,16,OL,O5,T2,NA,24.88853967
M2,22,Nov,17,OL,O5,T2,NA,25.55759211
M2,23,Nov,18,OL,O5,T2,NA,25.79950265
M2,24,Nov,19,OL,O5,T2,NA,26.36443227
M2,25,Nov,20,OL,O5,T2,NA,25.86303396
M2,26,Nov,21,OL,O5,T2,NA,24.74754932
M2,27,Nov,22,OL,O5,T2,NA,24.76378593
M2,28,Nov,23,OL,O5,T2,NA,24.18880152
M2,1,Oct,26,OL,O6,T2,NA,25.21403472
M2,2,Oct,27,OL,O6,T2,NA,25.57288194
M2,3,Oct,28,OL,O6,T2,NA,26.1741875
M2,4,Oct,29,OL,O6,T2,NA,27.83166667
M2,5,Oct,30,OL,O6,T2,3,28.34420139
M2,6,Nov,1,OL,O6,T2,1,27.58454167
M2,7,Nov,2,OL,O6,T2,0,27.18222917
M2,8,Nov,3,OL,O6,T2,2,27.20061806
M2,9,Nov,4,OL,O6,T2,0,26.85323611
M2,10,Nov,5,OL,O6,T2,14,26.19826389
M2,11,Nov,6,OL,O6,T2,0,25.97954167
M2,12,Nov,7,OL,O6,T2,0,26.20921528
M2,13,Nov,8,OL,O6,T2,0,26.12233333
M2,14,Nov,9,OL,O6,T2,0,25.01544444
M2,15,Nov,10,OL,O6,T2,0,24.01724306
M2,16,Nov,11,OL,O6,T2,0,23.24514479
M2,17,Nov,12,OL,O6,T2,0,23.73194216
M2,18,Nov,13,OL,O6,T2,0,24.17718267
M2,19,Nov,14,OL,O6,T2,0,23.78206709
M2,20,Nov,15,OL,O6,T2,NA,24.20004798
M2,21,Nov,16,OL,O6,T2,NA,24.88853967
M2,22,Nov,17,OL,O6,T2,NA,25.55759211
M2,23,Nov,18,OL,O6,T2,NA,25.79950265
M2,24,Nov,19,OL,O6,T2,NA,26.36443227
M2,25,Nov,20,OL,O6,T2,NA,25.86303396
M2,26,Nov,21,OL,O6,T2,NA,24.74754932
M2,27,Nov,22,OL,O6,T2,NA,24.76378593
M2,28,Nov,23,OL,O6,T2,NA,24.18880152
M2,1,Oct,26,OL,O7,T3,NA,25.3250625
M2,2,Oct,27,OL,O7,T3,NA,25.64031944
M2,3,Oct,28,OL,O7,T3,NA,26.16874306
M2,4,Oct,29,OL,O7,T3,NA,27.75406944
M2,5,Oct,30,OL,O7,T3,0,28.33392361
M2,6,Nov,1,OL,O7,T3,0,27.48884722
M2,7,Nov,2,OL,O7,T3,0,27.08265972
M2,8,Nov,3,OL,O7,T3,0,27.14942361
M2,9,Nov,4,OL,O7,T3,0,26.75190278
M2,10,Nov,5,OL,O7,T3,0,26.07015972
M2,11,Nov,6,OL,O7,T3,0,25.89765278
M2,12,Nov,7,OL,O7,T3,0,26.16329167
M2,13,Nov,8,OL,O7,T3,0,26.09459722
M2,14,Nov,9,OL,O7,T3,0,24.92533333
M2,15,Nov,10,OL,O7,T3,0,23.97039583
M2,16,Nov,11,OL,O7,T3,0,23.21607087
M2,17,Nov,12,OL,O7,T3,0,23.8363629
M2,18,Nov,13,OL,O7,T3,0,24.12281238
M2,19,Nov,14,OL,O7,T3,0,23.75815906
M2,20,Nov,15,OL,O7,T3,NA,24.21375227
M2,21,Nov,16,OL,O7,T3,NA,24.9128201
M2,22,Nov,17,OL,O7,T3,NA,25.60153522
M2,23,Nov,18,OL,O7,T3,NA,25.84836143
M2,24,Nov,19,OL,O7,T3,NA,26.49529336
M2,25,Nov,20,OL,O7,T3,NA,26.0358272
M2,26,Nov,21,OL,O7,T3,NA,24.88727351
M2,27,Nov,22,OL,O7,T3,NA,24.97583004
M2,28,Nov,23,OL,O7,T3,NA,24.36263748
M2,1,Oct,26,OL,O8,T3,NA,25.3250625
M2,2,Oct,27,OL,O8,T3,NA,25.64031944
M2,3,Oct,28,OL,O8,T3,NA,26.16874306
M2,4,Oct,29,OL,O8,T3,NA,27.75406944
M2,5,Oct,30,OL,O8,T3,0,28.33392361
M2,6,Nov,1,OL,O8,T3,0,27.48884722
M2,7,Nov,2,OL,O8,T3,0,27.08265972
M2,8,Nov,3,OL,O8,T3,0,27.14942361
M2,9,Nov,4,OL,O8,T3,1,26.75190278
M2,10,Nov,5,OL,O8,T3,0,26.07015972
M2,11,Nov,6,OL,O8,T3,0,25.89765278
M2,12,Nov,7,OL,O8,T3,0,26.16329167
M2,13,Nov,8,OL,O8,T3,0,26.09459722
M2,14,Nov,9,OL,O8,T3,0,24.92533333
M2,15,Nov,10,OL,O8,T3,0,23.97039583
M2,16,Nov,11,OL,O8,T3,0,23.21607087
M2,17,Nov,12,OL,O8,T3,0,23.8363629
M2,18,Nov,13,OL,O8,T3,0,24.12281238
M2,19,Nov,14,OL,O8,T3,0,23.75815906
M2,20,Nov,15,OL,O8,T3,NA,24.21375227
M2,21,Nov,16,OL,O8,T3,NA,24.9128201
M2,22,Nov,17,OL,O8,T3,NA,25.60153522
M2,23,Nov,18,OL,O8,T3,NA,25.84836143
M2,24,Nov,19,OL,O8,T3,NA,26.49529336
M2,25,Nov,20,OL,O8,T3,NA,26.0358272
M2,26,Nov,21,OL,O8,T3,NA,24.88727351
M2,27,Nov,22,OL,O8,T3,NA,24.97583004
M2,28,Nov,23,OL,O8,T3,NA,24.36263748
M2,1,Oct,26,OL,O9,T3,NA,25.3250625
M2,2,Oct,27,OL,O9,T3,NA,25.64031944
M2,3,Oct,28,OL,O9,T3,NA,26.16874306
M2,4,Oct,29,OL,O9,T3,NA,27.75406944
M2,5,Oct,30,OL,O9,T3,0,28.33392361
M2,6,Nov,1,OL,O9,T3,0,27.48884722
M2,7,Nov,2,OL,O9,T3,0,27.08265972
M2,8,Nov,3,OL,O9,T3,0,27.14942361
M2,9,Nov,4,OL,O9,T3,0,26.75190278
M2,10,Nov,5,OL,O9,T3,0,26.07015972
M2,11,Nov,6,OL,O9,T3,0,25.89765278
M2,12,Nov,7,OL,O9,T3,0,26.16329167
M2,13,Nov,8,OL,O9,T3,0,26.09459722
M2,14,Nov,9,OL,O9,T3,0,24.92533333
M2,15,Nov,10,OL,O9,T3,0,23.97039583
M2,16,Nov,11,OL,O9,T3,0,23.21607087
M2,17,Nov,12,OL,O9,T3,0,23.8363629
M2,18,Nov,13,OL,O9,T3,0,24.12281238
M2,19,Nov,14,OL,O9,T3,0,23.75815906
M2,20,Nov,15,OL,O9,T3,NA,24.21375227
M2,21,Nov,16,OL,O9,T3,NA,24.9128201
M2,22,Nov,17,OL,O9,T3,NA,25.60153522
M2,23,Nov,18,OL,O9,T3,NA,25.84836143
M2,24,Nov,19,OL,O9,T3,NA,26.49529336
M2,25,Nov,20,OL,O9,T3,NA,26.0358272
M2,26,Nov,21,OL,O9,T3,NA,24.88727351
M2,27,Nov,22,OL,O9,T3,NA,24.97583004
M2,28,Nov,23,OL,O9,T3,NA,24.36263748
M3,1,Nov,26,IL,I1,T1,NA,24.39369558
M3,2,Nov,27,IL,I1,T1,11,24.42974382
M3,3,Nov,28,IL,I1,T1,14,24.63836187
M3,4,Nov,29,IL,I1,T1,2,24.71403339
M3,5,Nov,29,IL,I1,T1,1,24.12906869
M3,6,Dec,1,IL,I1,T1,5,23.83018107
M3,7,Dec,2,IL,I1,T1,2,24.04676846
M3,8,Dec,3,IL,I1,T1,4,24.14992304
M3,9,Dec,4,IL,I1,T1,0,24.17532067
M3,10,Dec,5,IL,I1,T1,0,24.08698758
M3,11,Dec,6,IL,I1,T1,NA,24.07440048
M3,12,Dec,7,IL,I1,T1,1,24.38885439
M3,13,Dec,8,IL,I1,T1,3,24.83766993
M3,14,Dec,9,IL,I1,T1,NA,24.96227471
M3,15,Dec,10,IL,I1,T1,NA,25.17625531
M3,16,Dec,11,IL,I1,T1,NA,24.62897741
M3,17,Dec,12,IL,I1,T1,NA,23.73581511
M3,18,Dec,13,IL,I1,T1,NA,22.95638353
M3,19,Dec,14,IL,I1,T1,NA,22.88570216
M3,20,Dec,15,IL,I1,T1,NA,23.36475652
M3,21,Dec,16,IL,I1,T1,NA,23.62409534
M3,22,Dec,17,IL,I1,T1,NA,23.98539707
M3,23,Dec,18,IL,I1,T1,NA,23.95217906
M3,24,Dec,19,IL,I1,T1,NA,24.4704843
M3,25,Dec,20,IL,I1,T1,NA,24.84683095
M3,26,Dec,21,IL,I1,T1,NA,25.10698905
M3,27,Dec,22,IL,I1,T1,NA,25.22071977
M3,28,Dec,23,IL,I1,T1,NA,25.40557875
M3,1,Nov,26,IL,I2,T1,NA,24.39369558
M3,2,Nov,27,IL,I2,T1,9,24.42974382
M3,3,Nov,28,IL,I2,T1,0,24.63836187
M3,4,Nov,29,IL,I2,T1,5,24.71403339
M3,5,Nov,29,IL,I2,T1,NA,24.12906869
M3,6,Dec,1,IL,I2,T1,0,23.83018107
M3,7,Dec,2,IL,I2,T1,0,24.04676846
M3,8,Dec,3,IL,I2,T1,3,24.14992304
M3,9,Dec,4,IL,I2,T1,1,24.17532067
M3,10,Dec,5,IL,I2,T1,0,24.08698758
M3,11,Dec,6,IL,I2,T1,0,24.07440048
M3,12,Dec,7,IL,I2,T1,0,24.38885439
M3,13,Dec,8,IL,I2,T1,0,24.83766993
M3,14,Dec,9,IL,I2,T1,0,24.96227471
M3,15,Dec,10,IL,I2,T1,NA,25.17625531
M3,16,Dec,11,IL,I2,T1,NA,24.62897741
M3,17,Dec,12,IL,I2,T1,NA,23.73581511
M3,18,Dec,13,IL,I2,T1,NA,22.95638353
M3,19,Dec,14,IL,I2,T1,NA,22.88570216
M3,20,Dec,15,IL,I2,T1,NA,23.36475652
M3,21,Dec,16,IL,I2,T1,NA,23.62409534
M3,22,Dec,17,IL,I2,T1,NA,23.98539707
M3,23,Dec,18,IL,I2,T1,NA,23.95217906
M3,24,Dec,19,IL,I2,T1,NA,24.4704843
M3,25,Dec,20,IL,I2,T1,NA,24.84683095
M3,26,Dec,21,IL,I2,T1,NA,25.10698905
M3,27,Dec,22,IL,I2,T1,NA,25.22071977
M3,28,Dec,23,IL,I2,T1,NA,25.40557875
M3,1,Nov,26,IL,I3,T1,NA,24.39369558
M3,2,Nov,27,IL,I3,T1,3,24.42974382
M3,3,Nov,28,IL,I3,T1,5,24.63836187
M3,4,Nov,29,IL,I3,T1,0,24.71403339
M3,5,Nov,29,IL,I3,T1,NA,24.12906869
M3,6,Dec,1,IL,I3,T1,0,23.83018107
M3,7,Dec,2,IL,I3,T1,3,24.04676846
M3,8,Dec,3,IL,I3,T1,1,24.14992304
M3,9,Dec,4,IL,I3,T1,7,24.17532067
M3,10,Dec,5,IL,I3,T1,0,24.08698758
M3,11,Dec,6,IL,I3,T1,0,24.07440048
M3,12,Dec,7,IL,I3,T1,0,24.38885439
M3,13,Dec,8,IL,I3,T1,0,24.83766993
M3,14,Dec,9,IL,I3,T1,0,24.96227471
M3,15,Dec,10,IL,I3,T1,NA,25.17625531
M3,16,Dec,11,IL,I3,T1,NA,24.62897741
M3,17,Dec,12,IL,I3,T1,NA,23.73581511
M3,18,Dec,13,IL,I3,T1,NA,22.95638353
M3,19,Dec,14,IL,I3,T1,NA,22.88570216
M3,20,Dec,15,IL,I3,T1,NA,23.36475652
M3,21,Dec,16,IL,I3,T1,NA,23.62409534
M3,22,Dec,17,IL,I3,T1,NA,23.98539707
M3,23,Dec,18,IL,I3,T1,NA,23.95217906
M3,24,Dec,19,IL,I3,T1,NA,24.4704843
M3,25,Dec,20,IL,I3,T1,NA,24.84683095
M3,26,Dec,21,IL,I3,T1,NA,25.10698905
M3,27,Dec,22,IL,I3,T1,NA,25.22071977
M3,28,Dec,23,IL,I3,T1,NA,25.40557875
M3,1,Nov,26,IL,I4,T2,NA,24.33128147
M3,2,Nov,27,IL,I4,T2,0,24.36829795
M3,3,Nov,28,IL,I4,T2,0,24.59866411
M3,4,Nov,29,IL,I4,T2,0,24.68841232
M3,5,Nov,29,IL,I4,T2,NA,24.02606306
M3,6,Dec,1,IL,I4,T2,0,23.77774726
M3,7,Dec,2,IL,I4,T2,0,23.94391179
M3,8,Dec,3,IL,I4,T2,0,24.0063259
M3,9,Dec,4,IL,I4,T2,9,24.10799089
M3,10,Dec,5,IL,I4,T2,0,23.98465227
M3,11,Dec,6,IL,I4,T2,0,23.95396657
M3,12,Dec,7,IL,I4,T2,0,24.2572485
M3,13,Dec,8,IL,I4,T2,0,24.81286814
M3,14,Dec,9,IL,I4,T2,0,24.92190664
M3,15,Dec,10,IL,I4,T2,NA,25.094253
M3,16,Dec,11,IL,I4,T2,NA,24.50139343
M3,17,Dec,12,IL,I4,T2,NA,23.64010851
M3,18,Dec,13,IL,I4,T2,NA,22.91236594
M3,19,Dec,14,IL,I4,T2,NA,22.85360135
M3,20,Dec,15,IL,I4,T2,NA,23.26145298
M3,21,Dec,16,IL,I4,T2,NA,23.56220259
M3,22,Dec,17,IL,I4,T2,NA,23.96923494
M3,23,Dec,18,IL,I4,T2,NA,23.93050542
M3,24,Dec,19,IL,I4,T2,NA,24.40851707
M3,25,Dec,20,IL,I4,T2,NA,24.76296665
M3,26,Dec,21,IL,I4,T2,NA,24.99013017
M3,27,Dec,22,IL,I4,T2,NA,25.16821148
M3,28,Dec,23,IL,I4,T2,NA,25.43149773
M3,1,Nov,26,IL,I5,T2,NA,24.33128147
M3,2,Nov,27,IL,I5,T2,0,24.36829795
M3,3,Nov,28,IL,I5,T2,0,24.59866411
M3,4,Nov,29,IL,I5,T2,0,24.68841232
M3,5,Nov,29,IL,I5,T2,NA,24.02606306
M3,6,Dec,1,IL,I5,T2,3,23.77774726
M3,7,Dec,2,IL,I5,T2,9,23.94391179
M3,8,Dec,3,IL,I5,T2,0,24.0063259
M3,9,Dec,4,IL,I5,T2,9,24.10799089
M3,10,Dec,5,IL,I5,T2,0,23.98465227
M3,11,Dec,6,IL,I5,T2,0,23.95396657
M3,12,Dec,7,IL,I5,T2,0,24.2572485
M3,13,Dec,8,IL,I5,T2,9,24.81286814
M3,14,Dec,9,IL,I5,T2,0,24.92190664
M3,15,Dec,10,IL,I5,T2,NA,25.094253
M3,16,Dec,11,IL,I5,T2,NA,24.50139343
M3,17,Dec,12,IL,I5,T2,NA,23.64010851
M3,18,Dec,13,IL,I5,T2,NA,22.91236594
M3,19,Dec,14,IL,I5,T2,NA,22.85360135
M3,20,Dec,15,IL,I5,T2,NA,23.26145298
M3,21,Dec,16,IL,I5,T2,NA,23.56220259
M3,22,Dec,17,IL,I5,T2,NA,23.96923494
M3,23,Dec,18,IL,I5,T2,NA,23.93050542
M3,24,Dec,19,IL,I5,T2,NA,24.40851707
M3,25,Dec,20,IL,I5,T2,NA,24.76296665
M3,26,Dec,21,IL,I5,T2,NA,24.99013017
M3,27,Dec,22,IL,I5,T2,NA,25.16821148
M3,28,Dec,23,IL,I5,T2,NA,25.43149773
M3,1,Nov,26,IL,I6,T2,NA,24.33128147
M3,2,Nov,27,IL,I6,T2,0,24.36829795
M3,3,Nov,28,IL,I6,T2,0,24.59866411
M3,4,Nov,29,IL,I6,T2,2,24.68841232
M3,5,Nov,29,IL,I6,T2,NA,24.02606306
M3,6,Dec,1,IL,I6,T2,15,23.77774726
M3,7,Dec,2,IL,I6,T2,24,23.94391179
M3,8,Dec,3,IL,I6,T2,1,24.0063259
M3,9,Dec,4,IL,I6,T2,0,24.10799089
M3,10,Dec,5,IL,I6,T2,0,23.98465227
M3,11,Dec,6,IL,I6,T2,0,23.95396657
M3,12,Dec,7,IL,I6,T2,0,24.2572485
M3,13,Dec,8,IL,I6,T2,0,24.81286814
M3,14,Dec,9,IL,I6,T2,0,24.92190664
M3,15,Dec,10,IL,I6,T2,NA,25.094253
M3,16,Dec,11,IL,I6,T2,NA,24.50139343
M3,17,Dec,12,IL,I6,T2,NA,23.64010851
M3,18,Dec,13,IL,I6,T2,NA,22.91236594
M3,19,Dec,14,IL,I6,T2,NA,22.85360135
M3,20,Dec,15,IL,I6,T2,NA,23.26145298
M3,21,Dec,16,IL,I6,T2,NA,23.56220259
M3,22,Dec,17,IL,I6,T2,NA,23.96923494
M3,23,Dec,18,IL,I6,T2,NA,23.93050542
M3,24,Dec,19,IL,I6,T2,NA,24.40851707
M3,25,Dec,20,IL,I6,T2,NA,24.76296665
M3,26,Dec,21,IL,I6,T2,NA,24.99013017
M3,27,Dec,22,IL,I6,T2,NA,25.16821148
M3,28,Dec,23,IL,I6,T2,NA,25.43149773
M3,1,Nov,26,IL,I7,T3,NA,24.2764643
M3,2,Nov,27,IL,I7,T3,0,24.27854974
M3,3,Nov,28,IL,I7,T3,0,24.517779
M3,4,Nov,29,IL,I7,T3,0,24.54042087
M3,5,Nov,29,IL,I7,T3,NA,23.90838491
M3,6,Dec,1,IL,I7,T3,0,23.67906147
M3,7,Dec,2,IL,I7,T3,13,23.85490838
M3,8,Dec,3,IL,I7,T3,0,24.00021856
M3,9,Dec,4,IL,I7,T3,0,24.09138189
M3,10,Dec,5,IL,I7,T3,0,24.00610246
M3,11,Dec,6,IL,I7,T3,0,23.88388104
M3,12,Dec,7,IL,I7,T3,0,24.13368644
M3,13,Dec,8,IL,I7,T3,0,24.58570462
M3,14,Dec,9,IL,I7,T3,0,24.72997208
M3,15,Dec,10,IL,I7,T3,NA,24.91304354
M3,16,Dec,11,IL,I7,T3,NA,24.3437196
M3,17,Dec,12,IL,I7,T3,NA,23.59907011
M3,18,Dec,13,IL,I7,T3,NA,22.78597365
M3,19,Dec,14,IL,I7,T3,NA,22.79625186
M3,20,Dec,15,IL,I7,T3,NA,23.1157704
M3,21,Dec,16,IL,I7,T3,NA,23.46895382
M3,22,Dec,17,IL,I7,T3,NA,23.8910311
M3,23,Dec,18,IL,I7,T3,NA,23.82437164
M3,24,Dec,19,IL,I7,T3,NA,24.2956801
M3,25,Dec,20,IL,I7,T3,NA,24.5850343
M3,26,Dec,21,IL,I7,T3,NA,24.81420878
M3,27,Dec,22,IL,I7,T3,NA,24.98350147
M3,28,Dec,23,IL,I7,T3,NA,25.25870449
M3,1,Nov,26,IL,I8,T3,NA,24.2764643
M3,2,Nov,27,IL,I8,T3,0,24.27854974
M3,3,Nov,28,IL,I8,T3,0,24.517779
M3,4,Nov,29,IL,I8,T3,0,24.54042087
M3,5,Nov,29,IL,I8,T3,NA,23.90838491
M3,6,Dec,1,IL,I8,T3,0,23.67906147
M3,7,Dec,2,IL,I8,T3,0,23.85490838
M3,8,Dec,3,IL,I8,T3,0,24.00021856
M3,9,Dec,4,IL,I8,T3,0,24.09138189
M3,10,Dec,5,IL,I8,T3,0,24.00610246
M3,11,Dec,6,IL,I8,T3,0,23.88388104
M3,12,Dec,7,IL,I8,T3,0,24.13368644
M3,13,Dec,8,IL,I8,T3,0,24.58570462
M3,14,Dec,9,IL,I8,T3,0,24.72997208
M3,15,Dec,10,IL,I8,T3,NA,24.91304354
M3,16,Dec,11,IL,I8,T3,NA,24.3437196
M3,17,Dec,12,IL,I8,T3,NA,23.59907011
M3,18,Dec,13,IL,I8,T3,NA,22.78597365
M3,19,Dec,14,IL,I8,T3,NA,22.79625186
M3,20,Dec,15,IL,I8,T3,NA,23.1157704
M3,21,Dec,16,IL,I8,T3,NA,23.46895382
M3,22,Dec,17,IL,I8,T3,NA,23.8910311
M3,23,Dec,18,IL,I8,T3,NA,23.82437164
M3,24,Dec,19,IL,I8,T3,NA,24.2956801
M3,25,Dec,20,IL,I8,T3,NA,24.5850343
M3,26,Dec,21,IL,I8,T3,NA,24.81420878
M3,27,Dec,22,IL,I8,T3,NA,24.98350147
M3,28,Dec,23,IL,I8,T3,NA,25.25870449
M3,1,Nov,26,IL,I9,T3,NA,24.2764643
M3,2,Nov,27,IL,I9,T3,0,24.27854974
M3,3,Nov,28,IL,I9,T3,0,24.517779
M3,4,Nov,29,IL,I9,T3,0,24.54042087
M3,5,Nov,29,IL,I9,T3,NA,23.90838491
M3,6,Dec,1,IL,I9,T3,0,23.67906147
M3,7,Dec,2,IL,I9,T3,0,23.85490838
M3,8,Dec,3,IL,I9,T3,0,24.00021856
M3,9,Dec,4,IL,I9,T3,0,24.09138189
M3,10,Dec,5,IL,I9,T3,0,24.00610246
M3,11,Dec,6,IL,I9,T3,0,23.88388104
M3,12,Dec,7,IL,I9,T3,0,24.13368644
M3,13,Dec,8,IL,I9,T3,0,24.58570462
M3,14,Dec,9,IL,I9,T3,0,24.72997208
M3,15,Dec,10,IL,I9,T3,NA,24.91304354
M3,16,Dec,11,IL,I9,T3,NA,24.3437196
M3,17,Dec,12,IL,I9,T3,NA,23.59907011
M3,18,Dec,13,IL,I9,T3,NA,22.78597365
M3,19,Dec,14,IL,I9,T3,NA,22.79625186
M3,20,Dec,15,IL,I9,T3,NA,23.1157704
M3,21,Dec,16,IL,I9,T3,NA,23.46895382
M3,22,Dec,17,IL,I9,T3,NA,23.8910311
M3,23,Dec,18,IL,I9,T3,NA,23.82437164
M3,24,Dec,19,IL,I9,T3,NA,24.2956801
M3,25,Dec,20,IL,I9,T3,NA,24.5850343
M3,26,Dec,21,IL,I9,T3,NA,24.81420878
M3,27,Dec,22,IL,I9,T3,NA,24.98350147
M3,28,Dec,23,IL,I9,T3,NA,25.25870449
M3,1,Nov,26,OL,O1,T1,NA,24.39369558
M3,2,Nov,27,OL,O1,T1,51,24.42974382
M3,3,Nov,28,OL,O1,T1,3,24.63836187
M3,4,Nov,29,OL,O1,T1,44,24.71403339
M3,5,Nov,29,OL,O1,T1,NA,24.12906869
M3,6,Dec,1,OL,O1,T1,5,23.83018107
M3,7,Dec,2,OL,O1,T1,4,24.04676846
M3,8,Dec,3,OL,O1,T1,0,24.14992304
M3,9,Dec,4,OL,O1,T1,4,24.17532067
M3,10,Dec,5,OL,O1,T1,0,24.08698758
M3,11,Dec,6,OL,O1,T1,0,24.07440048
M3,12,Dec,7,OL,O1,T1,0,24.38885439
M3,13,Dec,8,OL,O1,T1,0,24.83766993
M3,14,Dec,9,OL,O1,T1,0,24.96227471
M3,15,Dec,10,OL,O1,T1,NA,25.17625531
M3,16,Dec,11,OL,O1,T1,NA,24.62897741
M3,17,Dec,12,OL,O1,T1,NA,23.73581511
M3,18,Dec,13,OL,O1,T1,NA,22.95638353
M3,19,Dec,14,OL,O1,T1,NA,22.88570216
M3,20,Dec,15,OL,O1,T1,NA,23.36475652
M3,21,Dec,16,OL,O1,T1,NA,23.62409534
M3,22,Dec,17,OL,O1,T1,NA,23.98539707
M3,23,Dec,18,OL,O1,T1,NA,23.95217906
M3,24,Dec,19,OL,O1,T1,NA,24.4704843
M3,25,Dec,20,OL,O1,T1,NA,24.84683095
M3,26,Dec,21,OL,O1,T1,NA,25.10698905
M3,27,Dec,22,OL,O1,T1,NA,25.22071977
M3,28,Dec,23,OL,O1,T1,NA,25.40557875
M3,1,Nov,26,OL,O2,T1,NA,24.39369558
M3,2,Nov,27,OL,O2,T1,0,24.42974382
M3,3,Nov,28,OL,O2,T1,11,24.63836187
M3,4,Nov,29,OL,O2,T1,119,24.71403339
M3,5,Nov,29,OL,O2,T1,NA,24.12906869
M3,6,Dec,1,OL,O2,T1,4,23.83018107
M3,7,Dec,2,OL,O2,T1,1,24.04676846
M3,8,Dec,3,OL,O2,T1,2,24.14992304
M3,9,Dec,4,OL,O2,T1,3,24.17532067
M3,10,Dec,5,OL,O2,T1,0,24.08698758
M3,11,Dec,6,OL,O2,T1,0,24.07440048
M3,12,Dec,7,OL,O2,T1,0,24.38885439
M3,13,Dec,8,OL,O2,T1,6,24.83766993
M3,14,Dec,9,OL,O2,T1,0,24.96227471
M3,15,Dec,10,OL,O2,T1,NA,25.17625531
M3,16,Dec,11,OL,O2,T1,NA,24.62897741
M3,17,Dec,12,OL,O2,T1,NA,23.73581511
M3,18,Dec,13,OL,O2,T1,NA,22.95638353
M3,19,Dec,14,OL,O2,T1,NA,22.88570216
M3,20,Dec,15,OL,O2,T1,NA,23.36475652
M3,21,Dec,16,OL,O2,T1,NA,23.62409534
M3,22,Dec,17,OL,O2,T1,NA,23.98539707
M3,23,Dec,18,OL,O2,T1,NA,23.95217906
M3,24,Dec,19,OL,O2,T1,NA,24.4704843
M3,25,Dec,20,OL,O2,T1,NA,24.84683095
M3,26,Dec,21,OL,O2,T1,NA,25.10698905
M3,27,Dec,22,OL,O2,T1,NA,25.22071977
M3,28,Dec,23,OL,O2,T1,NA,25.40557875
M3,1,Nov,26,OL,O3,T1,NA,24.39369558
M3,2,Nov,27,OL,O3,T1,9,24.42974382
M3,3,Nov,28,OL,O3,T1,11,24.63836187
M3,4,Nov,29,OL,O3,T1,61,24.71403339
M3,5,Nov,29,OL,O3,T1,NA,24.12906869
M3,6,Dec,1,OL,O3,T1,11,23.83018107
M3,7,Dec,2,OL,O3,T1,11,24.04676846
M3,8,Dec,3,OL,O3,T1,0,24.14992304
M3,9,Dec,4,OL,O3,T1,14,24.17532067
M3,10,Dec,5,OL,O3,T1,0,24.08698758
M3,11,Dec,6,OL,O3,T1,0,24.07440048
M3,12,Dec,7,OL,O3,T1,0,24.38885439
M3,13,Dec,8,OL,O3,T1,3,24.83766993
M3,14,Dec,9,OL,O3,T1,0,24.96227471
M3,15,Dec,10,OL,O3,T1,NA,25.17625531
M3,16,Dec,11,OL,O3,T1,NA,24.62897741
M3,17,Dec,12,OL,O3,T1,NA,23.73581511
M3,18,Dec,13,OL,O3,T1,NA,22.95638353
M3,19,Dec,14,OL,O3,T1,NA,22.88570216
M3,20,Dec,15,OL,O3,T1,NA,23.36475652
M3,21,Dec,16,OL,O3,T1,NA,23.62409534
M3,22,Dec,17,OL,O3,T1,NA,23.98539707
M3,23,Dec,18,OL,O3,T1,NA,23.95217906
M3,24,Dec,19,OL,O3,T1,NA,24.4704843
M3,25,Dec,20,OL,O3,T1,NA,24.84683095
M3,26,Dec,21,OL,O3,T1,NA,25.10698905
M3,27,Dec,22,OL,O3,T1,NA,25.22071977
M3,28,Dec,23,OL,O3,T1,NA,25.40557875
M3,1,Nov,26,OL,O4,T2,NA,24.33128147
M3,2,Nov,27,OL,O4,T2,1,24.36829795
M3,3,Nov,28,OL,O4,T2,5,24.59866411
M3,4,Nov,29,OL,O4,T2,5,24.68841232
M3,5,Nov,29,OL,O4,T2,NA,24.02606306
M3,6,Dec,1,OL,O4,T2,7,23.77774726
M3,7,Dec,2,OL,O4,T2,12,23.94391179
M3,8,Dec,3,OL,O4,T2,24,24.0063259
M3,9,Dec,4,OL,O4,T2,6,24.10799089
M3,10,Dec,5,OL,O4,T2,0,23.98465227
M3,11,Dec,6,OL,O4,T2,0,23.95396657
M3,12,Dec,7,OL,O4,T2,0,24.2572485
M3,13,Dec,8,OL,O4,T2,0,24.81286814
M3,14,Dec,9,OL,O4,T2,1,24.92190664
M3,15,Dec,10,OL,O4,T2,NA,25.094253
M3,16,Dec,11,OL,O4,T2,NA,24.50139343
M3,17,Dec,12,OL,O4,T2,NA,23.64010851
M3,18,Dec,13,OL,O4,T2,NA,22.91236594
M3,19,Dec,14,OL,O4,T2,NA,22.85360135
M3,20,Dec,15,OL,O4,T2,NA,23.26145298
M3,21,Dec,16,OL,O4,T2,NA,23.56220259
M3,22,Dec,17,OL,O4,T2,NA,23.96923494
M3,23,Dec,18,OL,O4,T2,NA,23.93050542
M3,24,Dec,19,OL,O4,T2,NA,24.40851707
M3,25,Dec,20,OL,O4,T2,NA,24.76296665
M3,26,Dec,21,OL,O4,T2,NA,24.99013017
M3,27,Dec,22,OL,O4,T2,NA,25.16821148
M3,28,Dec,23,OL,O4,T2,NA,25.43149773
M3,1,Nov,26,OL,O5,T2,NA,24.33128147
M3,2,Nov,27,OL,O5,T2,0,24.36829795
M3,3,Nov,28,OL,O5,T2,0,24.59866411
M3,4,Nov,29,OL,O5,T2,9,24.68841232
M3,5,Nov,29,OL,O5,T2,NA,24.02606306
M3,6,Dec,1,OL,O5,T2,20,23.77774726
M3,7,Dec,2,OL,O5,T2,5,23.94391179
M3,8,Dec,3,OL,O5,T2,18,24.0063259
M3,9,Dec,4,OL,O5,T2,8,24.10799089
M3,10,Dec,5,OL,O5,T2,0,23.98465227
M3,11,Dec,6,OL,O5,T2,0,23.95396657
M3,12,Dec,7,OL,O5,T2,0,24.2572485
M3,13,Dec,8,OL,O5,T2,0,24.81286814
M3,14,Dec,9,OL,O5,T2,0,24.92190664
M3,15,Dec,10,OL,O5,T2,NA,25.094253
M3,16,Dec,11,OL,O5,T2,NA,24.50139343
M3,17,Dec,12,OL,O5,T2,NA,23.64010851
M3,18,Dec,13,OL,O5,T2,NA,22.91236594
M3,19,Dec,14,OL,O5,T2,NA,22.85360135
M3,20,Dec,15,OL,O5,T2,NA,23.26145298
M3,21,Dec,16,OL,O5,T2,NA,23.56220259
M3,22,Dec,17,OL,O5,T2,NA,23.96923494
M3,23,Dec,18,OL,O5,T2,NA,23.93050542
M3,24,Dec,19,OL,O5,T2,NA,24.40851707
M3,25,Dec,20,OL,O5,T2,NA,24.76296665
M3,26,Dec,21,OL,O5,T2,NA,24.99013017
M3,27,Dec,22,OL,O5,T2,NA,25.16821148
M3,28,Dec,23,OL,O5,T2,NA,25.43149773
M3,1,Nov,26,OL,O6,T2,NA,24.33128147
M3,2,Nov,27,OL,O6,T2,0,24.36829795
M3,3,Nov,28,OL,O6,T2,1,24.59866411
M3,4,Nov,29,OL,O6,T2,7,24.68841232
M3,5,Nov,29,OL,O6,T2,NA,24.02606306
M3,6,Dec,1,OL,O6,T2,104,23.77774726
M3,7,Dec,2,OL,O6,T2,5,23.94391179
M3,8,Dec,3,OL,O6,T2,0,24.0063259
M3,9,Dec,4,OL,O6,T2,12,24.10799089
M3,10,Dec,5,OL,O6,T2,0,23.98465227
M3,11,Dec,6,OL,O6,T2,0,23.95396657
M3,12,Dec,7,OL,O6,T2,0,24.2572485
M3,13,Dec,8,OL,O6,T2,0,24.81286814
M3,14,Dec,9,OL,O6,T2,0,24.92190664
M3,15,Dec,10,OL,O6,T2,NA,25.094253
M3,16,Dec,11,OL,O6,T2,NA,24.50139343
M3,17,Dec,12,OL,O6,T2,NA,23.64010851
M3,18,Dec,13,OL,O6,T2,NA,22.91236594
M3,19,Dec,14,OL,O6,T2,NA,22.85360135
M3,20,Dec,15,OL,O6,T2,NA,23.26145298
M3,21,Dec,16,OL,O6,T2,NA,23.56220259
M3,22,Dec,17,OL,O6,T2,NA,23.96923494
M3,23,Dec,18,OL,O6,T2,NA,23.93050542
M3,24,Dec,19,OL,O6,T2,NA,24.40851707
M3,25,Dec,20,OL,O6,T2,NA,24.76296665
M3,26,Dec,21,OL,O6,T2,NA,24.99013017
M3,27,Dec,22,OL,O6,T2,NA,25.16821148
M3,28,Dec,23,OL,O6,T2,NA,25.43149773
M3,1,Nov,26,OL,O7,T3,NA,24.2764643
M3,2,Nov,27,OL,O7,T3,0,24.27854974
M3,3,Nov,28,OL,O7,T3,0,24.517779
M3,4,Nov,29,OL,O7,T3,0,24.54042087
M3,5,Nov,29,OL,O7,T3,NA,23.90838491
M3,6,Dec,1,OL,O7,T3,0,23.67906147
M3,7,Dec,2,OL,O7,T3,0,23.85490838
M3,8,Dec,3,OL,O7,T3,0,24.00021856
M3,9,Dec,4,OL,O7,T3,0,24.09138189
M3,10,Dec,5,OL,O7,T3,0,24.00610246
M3,11,Dec,6,OL,O7,T3,0,23.88388104
M3,12,Dec,7,OL,O7,T3,0,24.13368644
M3,13,Dec,8,OL,O7,T3,0,24.58570462
M3,14,Dec,9,OL,O7,T3,0,24.72997208
M3,15,Dec,10,OL,O7,T3,NA,24.91304354
M3,16,Dec,11,OL,O7,T3,NA,24.3437196
M3,17,Dec,12,OL,O7,T3,NA,23.59907011
M3,18,Dec,13,OL,O7,T3,NA,22.78597365
M3,19,Dec,14,OL,O7,T3,NA,22.79625186
M3,20,Dec,15,OL,O7,T3,NA,23.1157704
M3,21,Dec,16,OL,O7,T3,NA,23.46895382
M3,22,Dec,17,OL,O7,T3,NA,23.8910311
M3,23,Dec,18,OL,O7,T3,NA,23.82437164
M3,24,Dec,19,OL,O7,T3,NA,24.2956801
M3,25,Dec,20,OL,O7,T3,NA,24.5850343
M3,26,Dec,21,OL,O7,T3,NA,24.81420878
M3,27,Dec,22,OL,O7,T3,NA,24.98350147
M3,28,Dec,23,OL,O7,T3,NA,25.25870449
M3,1,Nov,26,OL,O8,T3,NA,24.2764643
M3,2,Nov,27,OL,O8,T3,0,24.27854974
M3,3,Nov,28,OL,O8,T3,0,24.517779
M3,4,Nov,29,OL,O8,T3,0,24.54042087
M3,5,Nov,29,OL,O8,T3,NA,23.90838491
M3,6,Dec,1,OL,O8,T3,1,23.67906147
M3,7,Dec,2,OL,O8,T3,0,23.85490838
M3,8,Dec,3,OL,O8,T3,0,24.00021856
M3,9,Dec,4,OL,O8,T3,0,24.09138189
M3,10,Dec,5,OL,O8,T3,0,24.00610246
M3,11,Dec,6,OL,O8,T3,0,23.88388104
M3,12,Dec,7,OL,O8,T3,0,24.13368644
M3,13,Dec,8,OL,O8,T3,0,24.58570462
M3,14,Dec,9,OL,O8,T3,0,24.72997208
M3,15,Dec,10,OL,O8,T3,NA,24.91304354
M3,16,Dec,11,OL,O8,T3,NA,24.3437196
M3,17,Dec,12,OL,O8,T3,NA,23.59907011
M3,18,Dec,13,OL,O8,T3,NA,22.78597365
M3,19,Dec,14,OL,O8,T3,NA,22.79625186
M3,20,Dec,15,OL,O8,T3,NA,23.1157704
M3,21,Dec,16,OL,O8,T3,NA,23.46895382
M3,22,Dec,17,OL,O8,T3,NA,23.8910311
M3,23,Dec,18,OL,O8,T3,NA,23.82437164
M3,24,Dec,19,OL,O8,T3,NA,24.2956801
M3,25,Dec,20,OL,O8,T3,NA,24.5850343
M3,26,Dec,21,OL,O8,T3,NA,24.81420878
M3,27,Dec,22,OL,O8,T3,NA,24.98350147
M3,28,Dec,23,OL,O8,T3,NA,25.25870449
M3,1,Nov,26,OL,O9,T3,NA,24.2764643
M3,2,Nov,27,OL,O9,T3,0,24.27854974
M3,3,Nov,28,OL,O9,T3,0,24.517779
M3,4,Nov,29,OL,O9,T3,0,24.54042087
M3,5,Nov,29,OL,O9,T3,NA,23.90838491
M3,6,Dec,1,OL,O9,T3,0,23.67906147
M3,7,Dec,2,OL,O9,T3,0,23.85490838
M3,8,Dec,3,OL,O9,T3,0,24.00021856
M3,9,Dec,4,OL,O9,T3,0,24.09138189
M3,10,Dec,5,OL,O9,T3,0,24.00610246
M3,11,Dec,6,OL,O9,T3,0,23.88388104
M3,12,Dec,7,OL,O9,T3,0,24.13368644
M3,13,Dec,8,OL,O9,T3,0,24.58570462
M3,14,Dec,9,OL,O9,T3,0,24.72997208
M3,15,Dec,10,OL,O9,T3,NA,24.91304354
M3,16,Dec,11,OL,O9,T3,NA,24.3437196
M3,17,Dec,12,OL,O9,T3,NA,23.59907011
M3,18,Dec,13,OL,O9,T3,NA,22.78597365
M3,19,Dec,14,OL,O9,T3,NA,22.79625186
M3,20,Dec,15,OL,O9,T3,NA,23.1157704
M3,21,Dec,16,OL,O9,T3,NA,23.46895382
M3,22,Dec,17,OL,O9,T3,NA,23.8910311
M3,23,Dec,18,OL,O9,T3,NA,23.82437164
M3,24,Dec,19,OL,O9,T3,NA,24.2956801
M3,25,Dec,20,OL,O9,T3,NA,24.5850343
M3,26,Dec,21,OL,O9,T3,NA,24.81420878
M3,27,Dec,22,OL,O9,T3,NA,24.98350147
M3,28,Dec,23,OL,O9,T3,NA,25.25870449
M4,1,Dec,26,IL,I1,T1,2,26.14158858
M4,2,Dec,27,IL,I1,T1,3,26.29248474
M4,3,Dec,28,IL,I1,T1,0,25.88351591
M4,4,Dec,29,IL,I1,T1,2,25.53070489
M4,5,Dec,30,IL,I1,T1,0,25.2065686
M4,6,Jan,1,IL,I1,T1,3,24.55107149
M4,7,Jan,2,IL,I1,T1,0,24.33612266
M4,8,Jan,3,IL,I1,T1,0,24.25769538
M4,9,Jan,4,IL,I1,T1,0,23.99582425
M4,10,Jan,5,IL,I1,T1,0,24.21285851
M4,11,Jan,6,IL,I1,T1,0,25.13253564
M4,12,Jan,7,IL,I1,T1,1,25.43604101
M4,13,Jan,8,IL,I1,T1,7,25.07312844
M4,14,Jan,9,IL,I1,T1,NA,26.4388125
M4,15,Jan,10,IL,I1,T1,NA,27.18564583
M4,16,Jan,11,IL,I1,T1,NA,26.84644792
M4,17,Jan,12,IL,I1,T1,NA,26.66605208
M4,18,Jan,13,IL,I1,T1,NA,26.57133333
M4,19,Jan,14,IL,I1,T1,NA,26.384875
M4,20,Jan,15,IL,I1,T1,NA,26.01211458
M4,21,Jan,16,IL,I1,T1,NA,25.85077083
M4,22,Jan,17,IL,I1,T1,NA,25.29172917
M4,23,Jan,18,IL,I1,T1,NA,24.90854167
M4,24,Jan,19,IL,I1,T1,NA,25.24358333
M4,25,Jan,20,IL,I1,T1,NA,25.64635417
M4,26,Jan,21,IL,I1,T1,NA,25.7695625
M4,27,Jan,22,IL,I1,T1,NA,24.76615625
M4,28,Jan,23,IL,I1,T1,NA,24.241375
M4,1,Dec,26,IL,I2,T1,0,26.14158858
M4,2,Dec,27,IL,I2,T1,0,26.29248474
M4,3,Dec,28,IL,I2,T1,0,25.88351591
M4,4,Dec,29,IL,I2,T1,0,25.53070489
M4,5,Dec,30,IL,I2,T1,0,25.2065686
M4,6,Jan,1,IL,I2,T1,0,24.55107149
M4,7,Jan,2,IL,I2,T1,0,24.33612266
M4,8,Jan,3,IL,I2,T1,0,24.25769538
M4,9,Jan,4,IL,I2,T1,0,23.99582425
M4,10,Jan,5,IL,I2,T1,0,24.21285851
M4,11,Jan,6,IL,I2,T1,0,25.13253564
M4,12,Jan,7,IL,I2,T1,0,25.43604101
M4,13,Jan,8,IL,I2,T1,0,25.07312844
M4,14,Jan,9,IL,I2,T1,NA,26.4388125
M4,15,Jan,10,IL,I2,T1,NA,27.18564583
M4,16,Jan,11,IL,I2,T1,NA,26.84644792
M4,17,Jan,12,IL,I2,T1,NA,26.66605208
M4,18,Jan,13,IL,I2,T1,NA,26.57133333
M4,19,Jan,14,IL,I2,T1,NA,26.384875
M4,20,Jan,15,IL,I2,T1,NA,26.01211458
M4,21,Jan,16,IL,I2,T1,NA,25.85077083
M4,22,Jan,17,IL,I2,T1,NA,25.29172917
M4,23,Jan,18,IL,I2,T1,NA,24.90854167
M4,24,Jan,19,IL,I2,T1,NA,25.24358333
M4,25,Jan,20,IL,I2,T1,NA,25.64635417
M4,26,Jan,21,IL,I2,T1,NA,25.7695625
M4,27,Jan,22,IL,I2,T1,NA,24.76615625
M4,28,Jan,23,IL,I2,T1,NA,24.241375
M4,1,Dec,26,IL,I3,T1,15,26.14158858
M4,2,Dec,27,IL,I3,T1,0,26.29248474
M4,3,Dec,28,IL,I3,T1,0,25.88351591
M4,4,Dec,29,IL,I3,T1,0,25.53070489
M4,5,Dec,30,IL,I3,T1,0,25.2065686
M4,6,Jan,1,IL,I3,T1,88,24.55107149
M4,7,Jan,2,IL,I3,T1,26,24.33612266
M4,8,Jan,3,IL,I3,T1,115,24.25769538
M4,9,Jan,4,IL,I3,T1,17,23.99582425
M4,10,Jan,5,IL,I3,T1,4,24.21285851
M4,11,Jan,6,IL,I3,T1,10,25.13253564
M4,12,Jan,7,IL,I3,T1,5,25.43604101
M4,13,Jan,8,IL,I3,T1,23,25.07312844
M4,14,Jan,9,IL,I3,T1,NA,26.4388125
M4,15,Jan,10,IL,I3,T1,NA,27.18564583
M4,16,Jan,11,IL,I3,T1,NA,26.84644792
M4,17,Jan,12,IL,I3,T1,NA,26.66605208
M4,18,Jan,13,IL,I3,T1,NA,26.57133333
M4,19,Jan,14,IL,I3,T1,NA,26.384875
M4,20,Jan,15,IL,I3,T1,NA,26.01211458
M4,21,Jan,16,IL,I3,T1,NA,25.85077083
M4,22,Jan,17,IL,I3,T1,NA,25.29172917
M4,23,Jan,18,IL,I3,T1,NA,24.90854167
M4,24,Jan,19,IL,I3,T1,NA,25.24358333
M4,25,Jan,20,IL,I3,T1,NA,25.64635417
M4,26,Jan,21,IL,I3,T1,NA,25.7695625
M4,27,Jan,22,IL,I3,T1,NA,24.76615625
M4,28,Jan,23,IL,I3,T1,NA,24.241375
M4,1,Dec,26,IL,I4,T2,20,26.25688338
M4,2,Dec,27,IL,I4,T2,55,26.30060304
M4,3,Dec,28,IL,I4,T2,4,25.87569553
M4,4,Dec,29,IL,I4,T2,0,25.4467661
M4,5,Dec,30,IL,I4,T2,0,25.18765072
M4,6,Jan,1,IL,I4,T2,1,24.42237032
M4,7,Jan,2,IL,I4,T2,0,24.30350048
M4,8,Jan,3,IL,I4,T2,2,24.21330539
M4,9,Jan,4,IL,I4,T2,0,23.81178455
M4,10,Jan,5,IL,I4,T2,0,24.17911914
M4,11,Jan,6,IL,I4,T2,1,25.08509198
M4,12,Jan,7,IL,I4,T2,3,25.39716253
M4,13,Jan,8,IL,I4,T2,1,25.03608943
M4,14,Jan,9,IL,I4,T2,NA,26.38784375
M4,15,Jan,10,IL,I4,T2,NA,27.11817708
M4,16,Jan,11,IL,I4,T2,NA,26.738375
M4,17,Jan,12,IL,I4,T2,NA,26.53363542
M4,18,Jan,13,IL,I4,T2,NA,26.40846875
M4,19,Jan,14,IL,I4,T2,NA,26.15719792
M4,20,Jan,15,IL,I4,T2,NA,25.77575
M4,21,Jan,16,IL,I4,T2,NA,25.5923125
M4,22,Jan,17,IL,I4,T2,NA,25.03839583
M4,23,Jan,18,IL,I4,T2,NA,24.69384375
M4,24,Jan,19,IL,I4,T2,NA,25.02136458
M4,25,Jan,20,IL,I4,T2,NA,25.40035417
M4,26,Jan,21,IL,I4,T2,NA,25.52034375
M4,27,Jan,22,IL,I4,T2,NA,24.52759375
M4,28,Jan,23,IL,I4,T2,NA,24.04440625
M4,1,Dec,26,IL,I5,T2,6,26.25688338
M4,2,Dec,27,IL,I5,T2,3,26.30060304
M4,3,Dec,28,IL,I5,T2,0,25.87569553
M4,4,Dec,29,IL,I5,T2,20,25.4467661
M4,5,Dec,30,IL,I5,T2,0,25.18765072
M4,6,Jan,1,IL,I5,T2,2,24.42237032
M4,7,Jan,2,IL,I5,T2,0,24.30350048
M4,8,Jan,3,IL,I5,T2,0,24.21330539
M4,9,Jan,4,IL,I5,T2,0,23.81178455
M4,10,Jan,5,IL,I5,T2,0,24.17911914
M4,11,Jan,6,IL,I5,T2,0,25.08509198
M4,12,Jan,7,IL,I5,T2,1,25.39716253
M4,13,Jan,8,IL,I5,T2,0,25.03608943
M4,14,Jan,9,IL,I5,T2,NA,26.38784375
M4,15,Jan,10,IL,I5,T2,NA,27.11817708
M4,16,Jan,11,IL,I5,T2,NA,26.738375
M4,17,Jan,12,IL,I5,T2,NA,26.53363542
M4,18,Jan,13,IL,I5,T2,NA,26.40846875
M4,19,Jan,14,IL,I5,T2,NA,26.15719792
M4,20,Jan,15,IL,I5,T2,NA,25.77575
M4,21,Jan,16,IL,I5,T2,NA,25.5923125
M4,22,Jan,17,IL,I5,T2,NA,25.03839583
M4,23,Jan,18,IL,I5,T2,NA,24.69384375
M4,24,Jan,19,IL,I5,T2,NA,25.02136458
M4,25,Jan,20,IL,I5,T2,NA,25.40035417
M4,26,Jan,21,IL,I5,T2,NA,25.52034375
M4,27,Jan,22,IL,I5,T2,NA,24.52759375
M4,28,Jan,23,IL,I5,T2,NA,24.04440625
M4,1,Dec,26,IL,I6,T2,38,26.25688338
M4,2,Dec,27,IL,I6,T2,0,26.30060304
M4,3,Dec,28,IL,I6,T2,0,25.87569553
M4,4,Dec,29,IL,I6,T2,0,25.4467661
M4,5,Dec,30,IL,I6,T2,5,25.18765072
M4,6,Jan,1,IL,I6,T2,17,24.42237032
M4,7,Jan,2,IL,I6,T2,27,24.30350048
M4,8,Jan,3,IL,I6,T2,19,24.21330539
M4,9,Jan,4,IL,I6,T2,85,23.81178455
M4,10,Jan,5,IL,I6,T2,411,24.17911914
M4,11,Jan,6,IL,I6,T2,157,25.08509198
M4,12,Jan,7,IL,I6,T2,0,25.39716253
M4,13,Jan,8,IL,I6,T2,4,25.03608943
M4,14,Jan,9,IL,I6,T2,NA,26.38784375
M4,15,Jan,10,IL,I6,T2,NA,27.11817708
M4,16,Jan,11,IL,I6,T2,NA,26.738375
M4,17,Jan,12,IL,I6,T2,NA,26.53363542
M4,18,Jan,13,IL,I6,T2,NA,26.40846875
M4,19,Jan,14,IL,I6,T2,NA,26.15719792
M4,20,Jan,15,IL,I6,T2,NA,25.77575
M4,21,Jan,16,IL,I6,T2,NA,25.5923125
M4,22,Jan,17,IL,I6,T2,NA,25.03839583
M4,23,Jan,18,IL,I6,T2,NA,24.69384375
M4,24,Jan,19,IL,I6,T2,NA,25.02136458
M4,25,Jan,20,IL,I6,T2,NA,25.40035417
M4,26,Jan,21,IL,I6,T2,NA,25.52034375
M4,27,Jan,22,IL,I6,T2,NA,24.52759375
M4,28,Jan,23,IL,I6,T2,NA,24.04440625
M4,1,Dec,26,IL,I7,T3,0,25.97825428
M4,2,Dec,27,IL,I7,T3,0,26.14568497
M4,3,Dec,28,IL,I7,T3,0,25.7564533
M4,4,Dec,29,IL,I7,T3,0,25.34964439
M4,5,Dec,30,IL,I7,T3,0,25.02521018
M4,6,Jan,1,IL,I7,T3,0,24.33507994
M4,7,Jan,2,IL,I7,T3,0,24.16035022
M4,8,Jan,3,IL,I7,T3,1,24.01690204
M4,9,Jan,4,IL,I7,T3,0,23.82176485
M4,10,Jan,5,IL,I7,T3,0,24.1811301
M4,11,Jan,6,IL,I7,T3,1,25.01612364
M4,12,Jan,7,IL,I7,T3,0,25.36886019
M4,13,Jan,8,IL,I7,T3,2,25.01426511
M4,14,Jan,9,IL,I7,T3,NA,26.29366667
M4,15,Jan,10,IL,I7,T3,NA,26.84532292
M4,16,Jan,11,IL,I7,T3,NA,26.58552083
M4,17,Jan,12,IL,I7,T3,NA,26.41051042
M4,18,Jan,13,IL,I7,T3,NA,26.32191667
M4,19,Jan,14,IL,I7,T3,NA,26.08607292
M4,20,Jan,15,IL,I7,T3,NA,25.66521875
M4,21,Jan,16,IL,I7,T3,NA,25.56498958
M4,22,Jan,17,IL,I7,T3,NA,24.99194792
M4,23,Jan,18,IL,I7,T3,NA,24.60416667
M4,24,Jan,19,IL,I7,T3,NA,24.94370833
M4,25,Jan,20,IL,I7,T3,NA,25.37817708
M4,26,Jan,21,IL,I7,T3,NA,25.344375
M4,27,Jan,22,IL,I7,T3,NA,24.22880208
M4,28,Jan,23,IL,I7,T3,NA,23.83547917
M4,1,Dec,26,IL,I8,T3,0,25.97825428
M4,2,Dec,27,IL,I8,T3,0,26.14568497
M4,3,Dec,28,IL,I8,T3,0,25.7564533
M4,4,Dec,29,IL,I8,T3,0,25.34964439
M4,5,Dec,30,IL,I8,T3,0,25.02521018
M4,6,Jan,1,IL,I8,T3,0,24.33507994
M4,7,Jan,2,IL,I8,T3,0,24.16035022
M4,8,Jan,3,IL,I8,T3,0,24.01690204
M4,9,Jan,4,IL,I8,T3,1,23.82176485
M4,10,Jan,5,IL,I8,T3,0,24.1811301
M4,11,Jan,6,IL,I8,T3,0,25.01612364
M4,12,Jan,7,IL,I8,T3,0,25.36886019
M4,13,Jan,8,IL,I8,T3,0,25.01426511
M4,14,Jan,9,IL,I8,T3,NA,26.29366667
M4,15,Jan,10,IL,I8,T3,NA,26.84532292
M4,16,Jan,11,IL,I8,T3,NA,26.58552083
M4,17,Jan,12,IL,I8,T3,NA,26.41051042
M4,18,Jan,13,IL,I8,T3,NA,26.32191667
M4,19,Jan,14,IL,I8,T3,NA,26.08607292
M4,20,Jan,15,IL,I8,T3,NA,25.66521875
M4,21,Jan,16,IL,I8,T3,NA,25.56498958
M4,22,Jan,17,IL,I8,T3,NA,24.99194792
M4,23,Jan,18,IL,I8,T3,NA,24.60416667
M4,24,Jan,19,IL,I8,T3,NA,24.94370833
M4,25,Jan,20,IL,I8,T3,NA,25.37817708
M4,26,Jan,21,IL,I8,T3,NA,25.344375
M4,27,Jan,22,IL,I8,T3,NA,24.22880208
M4,28,Jan,23,IL,I8,T3,NA,23.83547917
M4,1,Dec,26,IL,I9,T3,0,25.97825428
M4,2,Dec,27,IL,I9,T3,0,26.14568497
M4,3,Dec,28,IL,I9,T3,0,25.7564533
M4,4,Dec,29,IL,I9,T3,2,25.34964439
M4,5,Dec,30,IL,I9,T3,0,25.02521018
M4,6,Jan,1,IL,I9,T3,0,24.33507994
M4,7,Jan,2,IL,I9,T3,1,24.16035022
M4,8,Jan,3,IL,I9,T3,0,24.01690204
M4,9,Jan,4,IL,I9,T3,0,23.82176485
M4,10,Jan,5,IL,I9,T3,15,24.1811301
M4,11,Jan,6,IL,I9,T3,3,25.01612364
M4,12,Jan,7,IL,I9,T3,1,25.36886019
M4,13,Jan,8,IL,I9,T3,0,25.01426511
M4,14,Jan,9,IL,I9,T3,NA,26.29366667
M4,15,Jan,10,IL,I9,T3,NA,26.84532292
M4,16,Jan,11,IL,I9,T3,NA,26.58552083
M4,17,Jan,12,IL,I9,T3,NA,26.41051042
M4,18,Jan,13,IL,I9,T3,NA,26.32191667
M4,19,Jan,14,IL,I9,T3,NA,26.08607292
M4,20,Jan,15,OL,I9,T3,NA,25.66521875
M4,21,Jan,16,OL,I9,T3,NA,25.56498958
M4,22,Jan,17,OL,I9,T3,NA,24.99194792
M4,23,Jan,18,OL,I9,T3,NA,24.60416667
M4,24,Jan,19,OL,I9,T3,NA,24.94370833
M4,25,Jan,20,OL,I9,T3,NA,25.37817708
M4,26,Jan,21,OL,I9,T3,NA,25.344375
M4,27,Jan,22,OL,I9,T3,NA,24.22880208
M4,28,Jan,23,OL,I9,T3,NA,23.83547917
M4,1,Dec,26,OL,O1,T1,1,26.14158858
M4,2,Dec,27,OL,O1,T1,8,26.29248474
M4,3,Dec,28,OL,O1,T1,3,25.88351591
M4,4,Dec,29,OL,O1,T1,0,25.53070489
M4,5,Dec,30,OL,O1,T1,0,25.2065686
M4,6,Jan,1,OL,O1,T1,5,24.55107149
M4,7,Jan,2,OL,O1,T1,2,24.33612266
M4,8,Jan,3,OL,O1,T1,5,24.25769538
M4,9,Jan,4,OL,O1,T1,1,23.99582425
M4,10,Jan,5,OL,O1,T1,5,24.21285851
M4,11,Jan,6,OL,O1,T1,59,25.13253564
M4,12,Jan,7,OL,O1,T1,24,25.43604101
M4,13,Jan,8,OL,O1,T1,1,25.07312844
M4,14,Jan,9,OL,O1,T1,1,26.4388125
M4,15,Jan,10,OL,O1,T1,NA,27.18564583
M4,16,Jan,11,OL,O1,T1,NA,26.84644792
M4,17,Jan,12,OL,O1,T1,NA,26.66605208
M4,18,Jan,13,OL,O1,T1,NA,26.57133333
M4,19,Jan,14,OL,O1,T1,NA,26.384875
M4,20,Jan,15,OL,O1,T1,NA,26.01211458
M4,21,Jan,16,OL,O1,T1,NA,25.85077083
M4,22,Jan,17,OL,O1,T1,NA,25.29172917
M4,23,Jan,18,OL,O1,T1,NA,24.90854167
M4,24,Jan,19,OL,O1,T1,NA,25.24358333
M4,25,Jan,20,OL,O1,T1,NA,25.64635417
M4,26,Jan,21,OL,O1,T1,NA,25.7695625
M4,27,Jan,22,OL,O1,T1,NA,24.76615625
M4,28,Jan,23,OL,O1,T1,NA,24.241375
M4,1,Dec,26,OL,O2,T1,1,26.14158858
M4,2,Dec,27,OL,O2,T1,0,26.29248474
M4,3,Dec,28,OL,O2,T1,0,25.88351591
M4,4,Dec,29,OL,O2,T1,0,25.53070489
M4,5,Dec,30,OL,O2,T1,0,25.2065686
M4,6,Jan,1,OL,O2,T1,0,24.55107149
M4,7,Jan,2,OL,O2,T1,1,24.33612266
M4,8,Jan,3,OL,O2,T1,0,24.25769538
M4,9,Jan,4,OL,O2,T1,0,23.99582425
M4,10,Jan,5,OL,O2,T1,2,24.21285851
M4,11,Jan,6,OL,O2,T1,0,25.13253564
M4,12,Jan,7,OL,O2,T1,1,25.43604101
M4,13,Jan,8,OL,O2,T1,0,25.07312844
M4,14,Jan,9,OL,O2,T1,NA,26.4388125
M4,15,Jan,10,OL,O2,T1,NA,27.18564583
M4,16,Jan,11,OL,O2,T1,NA,26.84644792
M4,17,Jan,12,OL,O2,T1,NA,26.66605208
M4,18,Jan,13,OL,O2,T1,NA,26.57133333
M4,19,Jan,14,OL,O2,T1,NA,26.384875
M4,20,Jan,15,OL,O2,T1,NA,26.01211458
M4,21,Jan,16,OL,O2,T1,NA,25.85077083
M4,22,Jan,17,OL,O2,T1,NA,25.29172917
M4,23,Jan,18,OL,O2,T1,NA,24.90854167
M4,24,Jan,19,OL,O2,T1,NA,25.24358333
M4,25,Jan,20,OL,O2,T1,NA,25.64635417
M4,26,Jan,21,OL,O2,T1,NA,25.7695625
M4,27,Jan,22,OL,O2,T1,NA,24.76615625
M4,28,Jan,23,OL,O2,T1,NA,24.241375
M4,1,Dec,26,OL,O3,T1,0,26.14158858
M4,2,Dec,27,OL,O3,T1,7,26.29248474
M4,3,Dec,28,OL,O3,T1,0,25.88351591
M4,4,Dec,29,OL,O3,T1,4,25.53070489
M4,5,Dec,30,OL,O3,T1,0,25.2065686
M4,6,Jan,1,OL,O3,T1,0,24.55107149
M4,7,Jan,2,OL,O3,T1,0,24.33612266
M4,8,Jan,3,OL,O3,T1,0,24.25769538
M4,9,Jan,4,OL,O3,T1,0,23.99582425
M4,10,Jan,5,OL,O3,T1,0,24.21285851
M4,11,Jan,6,OL,O3,T1,2,25.13253564
M4,12,Jan,7,OL,O3,T1,1,25.43604101
M4,13,Jan,8,OL,O3,T1,12,25.07312844
M4,14,Jan,9,OL,O3,T1,NA,26.4388125
M4,15,Jan,10,OL,O3,T1,NA,27.18564583
M4,16,Jan,11,OL,O3,T1,NA,26.84644792
M4,17,Jan,12,OL,O3,T1,NA,26.66605208
M4,18,Jan,13,OL,O3,T1,NA,26.57133333
M4,19,Jan,14,OL,O3,T1,NA,26.384875
M4,20,Jan,15,OL,O3,T1,NA,26.01211458
M4,21,Jan,16,OL,O3,T1,NA,25.85077083
M4,22,Jan,17,OL,O3,T1,NA,25.29172917
M4,23,Jan,18,OL,O3,T1,NA,24.90854167
M4,24,Jan,19,OL,O3,T1,NA,25.24358333
M4,25,Jan,20,OL,O3,T1,NA,25.64635417
M4,26,Jan,21,OL,O3,T1,NA,25.7695625
M4,27,Jan,22,OL,O3,T1,NA,24.76615625
M4,28,Jan,23,OL,O3,T1,NA,24.241375
M4,1,Dec,26,OL,O4,T2,0,26.25688338
M4,2,Dec,27,OL,O4,T2,0,26.30060304
M4,3,Dec,28,OL,O4,T2,0,25.87569553
M4,4,Dec,29,OL,O4,T2,0,25.4467661
M4,5,Dec,30,OL,O4,T2,1,25.18765072
M4,6,Jan,1,OL,O4,T2,0,24.42237032
M4,7,Jan,2,OL,O4,T2,0,24.30350048
M4,8,Jan,3,OL,O4,T2,0,24.21330539
M4,9,Jan,4,OL,O4,T2,0,23.81178455
M4,10,Jan,5,OL,O4,T2,2,24.17911914
M4,11,Jan,6,OL,O4,T2,6,25.08509198
M4,12,Jan,7,OL,O4,T2,1,25.39716253
M4,13,Jan,8,OL,O4,T2,0,25.03608943
M4,14,Jan,9,OL,O4,T2,NA,26.38784375
M4,15,Jan,10,OL,O4,T2,NA,27.11817708
M4,16,Jan,11,OL,O4,T2,NA,26.738375
M4,17,Jan,12,OL,O4,T2,NA,26.53363542
M4,18,Jan,13,OL,O4,T2,NA,26.40846875
M4,19,Jan,14,OL,O4,T2,NA,26.15719792
M4,20,Jan,15,OL,O4,T2,NA,25.77575
M4,21,Jan,16,OL,O4,T2,NA,25.5923125
M4,22,Jan,17,OL,O4,T2,NA,25.03839583
M4,23,Jan,18,OL,O4,T2,NA,24.69384375
M4,24,Jan,19,OL,O4,T2,NA,25.02136458
M4,25,Jan,20,OL,O4,T2,NA,25.40035417
M4,26,Jan,21,OL,O4,T2,NA,25.52034375
M4,27,Jan,22,OL,O4,T2,NA,24.52759375
M4,28,Jan,23,OL,O4,T2,NA,24.04440625
M4,1,Dec,26,OL,O5,T2,2,26.25688338
M4,2,Dec,27,OL,O5,T2,0,26.30060304
M4,3,Dec,28,OL,O5,T2,0,25.87569553
M4,4,Dec,29,OL,O5,T2,1,25.4467661
M4,5,Dec,30,OL,O5,T2,0,25.18765072
M4,6,Jan,1,OL,O5,T2,1,24.42237032
M4,7,Jan,2,OL,O5,T2,0,24.30350048
M4,8,Jan,3,OL,O5,T2,0,24.21330539
M4,9,Jan,4,OL,O5,T2,0,23.81178455
M4,10,Jan,5,OL,O5,T2,0,24.17911914
M4,11,Jan,6,OL,O5,T2,1,25.08509198
M4,12,Jan,7,OL,O5,T2,0,25.39716253
M4,13,Jan,8,OL,O5,T2,45,25.03608943
M4,14,Jan,9,OL,O5,T2,NA,26.38784375
M4,15,Jan,10,OL,O5,T2,NA,27.11817708
M4,16,Jan,11,OL,O5,T2,NA,26.738375
M4,17,Jan,12,OL,O5,T2,NA,26.53363542
M4,18,Jan,13,OL,O5,T2,NA,26.40846875
M4,19,Jan,14,OL,O5,T2,NA,26.15719792
M4,20,Jan,15,OL,O5,T2,NA,25.77575
M4,21,Jan,16,OL,O5,T2,NA,25.5923125
M4,22,Jan,17,OL,O5,T2,NA,25.03839583
M4,23,Jan,18,OL,O5,T2,NA,24.69384375
M4,24,Jan,19,OL,O5,T2,NA,25.02136458
M4,25,Jan,20,OL,O5,T2,NA,25.40035417
M4,26,Jan,21,OL,O5,T2,NA,25.52034375
M4,27,Jan,22,OL,O5,T2,NA,24.52759375
M4,28,Jan,23,OL,O5,T2,NA,24.04440625
M4,1,Dec,26,OL,O6,T2,0,26.25688338
M4,2,Dec,27,OL,O6,T2,0,26.30060304
M4,3,Dec,28,OL,O6,T2,0,25.87569553
M4,4,Dec,29,OL,O6,T2,0,25.4467661
M4,5,Dec,30,OL,O6,T2,0,25.18765072
M4,6,Jan,1,OL,O6,T2,1,24.42237032
M4,7,Jan,2,OL,O6,T2,0,24.30350048
M4,8,Jan,3,OL,O6,T2,0,24.21330539
M4,9,Jan,4,OL,O6,T2,0,23.81178455
M4,10,Jan,5,OL,O6,T2,2,24.17911914
M4,11,Jan,6,OL,O6,T2,3,25.08509198
M4,12,Jan,7,OL,O6,T2,1,25.39716253
M4,13,Jan,8,OL,O6,T2,8,25.03608943
M4,14,Jan,9,OL,O6,T2,NA,26.38784375
M4,15,Jan,10,OL,O6,T2,NA,27.11817708
M4,16,Jan,11,OL,O6,T2,NA,26.738375
M4,17,Jan,12,OL,O6,T2,NA,26.53363542
M4,18,Jan,13,OL,O6,T2,NA,26.40846875
M4,19,Jan,14,OL,O6,T2,NA,26.15719792
M4,20,Jan,15,OL,O6,T2,NA,25.77575
M4,21,Jan,16,OL,O6,T2,NA,25.5923125
M4,22,Jan,17,OL,O6,T2,NA,25.03839583
M4,23,Jan,18,OL,O6,T2,NA,24.69384375
M4,24,Jan,19,OL,O6,T2,NA,25.02136458
M4,25,Jan,20,OL,O6,T2,NA,25.40035417
M4,26,Jan,21,OL,O6,T2,NA,25.52034375
M4,27,Jan,22,OL,O6,T2,NA,24.52759375
M4,28,Jan,23,OL,O6,T2,NA,24.04440625
M4,1,Dec,26,OL,O7,T3,0,25.97825428
M4,2,Dec,27,OL,O7,T3,0,26.14568497
M4,3,Dec,28,OL,O7,T3,0,25.7564533
M4,4,Dec,29,OL,O7,T3,0,25.34964439
M4,5,Dec,30,OL,O7,T3,0,25.02521018
M4,6,Jan,1,OL,O7,T3,0,24.33507994
M4,7,Jan,2,OL,O7,T3,0,24.16035022
M4,8,Jan,3,OL,O7,T3,0,24.01690204
M4,9,Jan,4,OL,O7,T3,6,23.82176485
M4,10,Jan,5,OL,O7,T3,0,24.1811301
M4,11,Jan,6,OL,O7,T3,0,25.01612364
M4,12,Jan,7,OL,O7,T3,0,25.36886019
M4,13,Jan,8,OL,O7,T3,0,25.01426511
M4,14,Jan,9,OL,O7,T3,NA,26.29366667
M4,15,Jan,10,OL,O7,T3,NA,26.84532292
M4,16,Jan,11,OL,O7,T3,NA,26.58552083
M4,17,Jan,12,OL,O7,T3,NA,26.41051042
M4,18,Jan,13,OL,O7,T3,NA,26.32191667
M4,19,Jan,14,OL,O7,T3,NA,26.08607292
M4,20,Jan,15,OL,O7,T3,NA,25.66521875
M4,21,Jan,16,OL,O7,T3,NA,25.56498958
M4,22,Jan,17,OL,O7,T3,NA,24.99194792
M4,23,Jan,18,OL,O7,T3,NA,24.60416667
M4,24,Jan,19,OL,O7,T3,NA,24.94370833
M4,25,Jan,20,OL,O7,T3,NA,25.37817708
M4,26,Jan,21,OL,O7,T3,NA,25.344375
M4,27,Jan,22,OL,O7,T3,NA,24.22880208
M4,28,Jan,23,OL,O7,T3,NA,23.83547917
M4,1,Dec,26,OL,O8,T3,0,25.97825428
M4,2,Dec,27,OL,O8,T3,0,26.14568497
M4,3,Dec,28,OL,O8,T3,0,25.7564533
M4,4,Dec,29,OL,O8,T3,0,25.34964439
M4,5,Dec,30,OL,O8,T3,0,25.02521018
M4,6,Jan,1,OL,O8,T3,0,24.33507994
M4,7,Jan,2,OL,O8,T3,0,24.16035022
M4,8,Jan,3,OL,O8,T3,0,24.01690204
M4,9,Jan,4,OL,O8,T3,0,23.82176485
M4,10,Jan,5,OL,O8,T3,0,24.1811301
M4,11,Jan,6,OL,O8,T3,0,25.01612364
M4,12,Jan,7,OL,O8,T3,0,25.36886019
M4,13,Jan,8,OL,O8,T3,0,25.01426511
M4,14,Jan,9,OL,O8,T3,NA,26.29366667
M4,15,Jan,10,OL,O8,T3,NA,26.84532292
M4,16,Jan,11,OL,O8,T3,NA,26.58552083
M4,17,Jan,12,OL,O8,T3,NA,26.41051042
M4,18,Jan,13,OL,O8,T3,NA,26.32191667
M4,19,Jan,14,OL,O8,T3,NA,26.08607292
M4,20,Jan,15,OL,O8,T3,NA,25.66521875
M4,21,Jan,16,OL,O8,T3,NA,25.56498958
M4,22,Jan,17,OL,O8,T3,NA,24.99194792
M4,23,Jan,18,OL,O8,T3,NA,24.60416667
M4,24,Jan,19,OL,O8,T3,NA,24.94370833
M4,25,Jan,20,OL,O8,T3,NA,25.37817708
M4,26,Jan,21,OL,O8,T3,NA,25.344375
M4,27,Jan,22,OL,O8,T3,NA,24.22880208
M4,28,Jan,23,OL,O8,T3,NA,23.83547917
M4,1,Dec,26,OL,O9,T3,0,25.97825428
M4,2,Dec,27,OL,O9,T3,0,26.14568497
M4,3,Dec,28,OL,O9,T3,0,25.7564533
M4,4,Dec,29,OL,O9,T3,0,25.34964439
M4,5,Dec,30,OL,O9,T3,0,25.02521018
M4,6,Jan,1,OL,O9,T3,0,24.33507994
M4,7,Jan,2,OL,O9,T3,0,24.16035022
M4,8,Jan,3,OL,O9,T3,0,24.01690204
M4,9,Jan,4,OL,O9,T3,3,23.82176485
M4,10,Jan,5,OL,O9,T3,0,24.1811301
M4,11,Jan,6,OL,O9,T3,0,25.01612364
M4,12,Jan,7,OL,O9,T3,0,25.36886019
M4,13,Jan,8,OL,O9,T3,0,25.01426511
M4,14,Jan,9,OL,O9,T3,NA,26.29366667
M4,15,Jan,10,OL,O9,T3,NA,26.84532292
M4,16,Jan,11,OL,O9,T3,NA,26.58552083
M4,17,Jan,12,OL,O9,T3,NA,26.41051042
M4,18,Jan,13,OL,O9,T3,NA,26.32191667
M4,19,Jan,14,OL,O9,T3,NA,26.08607292
M4,20,Jan,15,OL,O9,T3,NA,25.66521875
M4,21,Jan,16,OL,O9,T3,NA,25.56498958
M4,22,Jan,17,OL,O9,T3,NA,24.99194792
M4,23,Jan,18,OL,O9,T3,NA,24.60416667
M4,24,Jan,19,OL,O9,T3,NA,24.94370833
M4,25,Jan,20,OL,O9,T3,NA,25.37817708
M4,26,Jan,21,OL,O9,T3,NA,25.344375
M4,27,Jan,22,OL,O9,T3,NA,24.22880208
M4,28,Jan,23,OL,O9,T3,NA,23.83547917
M6,1,Feb,26,IL,I1,T1,NA,28.04697917
M6,2,Feb,27,IL,I1,T1,NA,28.27178125
M6,3,Feb,28,IL,I1,T1,NA,28.22541667
M6,4,Feb,29,IL,I1,T1,NA,28.30891667
M6,5,Feb,30,IL,I1,T1,NA,28.94990625
M6,6,Mar,1,IL,I1,T1,0,27.27738542
M6,7,Mar,2,IL,I1,T1,1,26.58864583
M6,8,Mar,3,IL,I1,T1,0,26.5015625
M6,9,Mar,4,IL,I1,T1,3,27.09880208
M6,10,Mar,5,IL,I1,T1,0,27.28338542
M6,11,Mar,6,IL,I1,T1,1,28.3261875
M6,12,Mar,7,IL,I1,T1,1,28.55902083
M6,13,Mar,8,IL,I1,T1,1,28.49885417
M6,14,Mar,9,IL,I1,T1,2,28.44736458
M6,15,Mar,10,IL,I1,T1,0,28.2351875
M6,16,Mar,11,IL,I1,T1,0,28.06653125
M6,17,Mar,12,IL,I1,T1,NA,28.43159375
M6,18,Mar,13,IL,I1,T1,NA,28.74809375
M6,19,Mar,14,IL,I1,T1,NA,29.04678125
M6,20,Mar,15,IL,I1,T1,NA,28.98141667
M6,21,Mar,16,IL,I1,T1,NA,28.69320833
M6,22,Mar,17,IL,I1,T1,NA,27.96659375
M6,23,Mar,18,IL,I1,T1,NA,27.68541667
M6,24,Mar,19,IL,I1,T1,NA,27.31378125
M6,25,Mar,20,IL,I1,T1,NA,27.67166667
M6,26,Mar,21,IL,I1,T1,NA,28.22411458
M6,27,Mar,22,IL,I1,T1,NA,28.82885
M6,28,Mar,23,IL,I1,T1,NA,28.18777335
M6,1,Feb,26,IL,I2,T1,NA,28.04697917
M6,2,Feb,27,IL,I2,T1,NA,28.27178125
M6,3,Feb,28,IL,I2,T1,NA,28.22541667
M6,4,Feb,29,IL,I2,T1,NA,28.30891667
M6,5,Feb,30,IL,I2,T1,NA,28.94990625
M6,6,Mar,1,IL,I2,T1,0,27.27738542
M6,7,Mar,2,IL,I2,T1,0,26.58864583
M6,8,Mar,3,IL,I2,T1,0,26.5015625
M6,9,Mar,4,IL,I2,T1,5,27.09880208
M6,10,Mar,5,IL,I2,T1,4,27.28338542
M6,11,Mar,6,IL,I2,T1,1,28.3261875
M6,12,Mar,7,IL,I2,T1,3,28.55902083
M6,13,Mar,8,IL,I2,T1,0,28.49885417
M6,14,Mar,9,IL,I2,T1,14,28.44736458
M6,15,Mar,10,IL,I2,T1,0,28.2351875
M6,16,Mar,11,IL,I2,T1,0,28.06653125
M6,17,Mar,12,IL,I2,T1,NA,28.43159375
M6,18,Mar,13,IL,I2,T1,NA,28.74809375
M6,19,Mar,14,IL,I2,T1,NA,29.04678125
M6,20,Mar,15,IL,I2,T1,NA,28.98141667
M6,21,Mar,16,IL,I2,T1,NA,28.69320833
M6,22,Mar,17,IL,I2,T1,NA,27.96659375
M6,23,Mar,18,IL,I2,T1,NA,27.68541667
M6,24,Mar,19,IL,I2,T1,NA,27.31378125
M6,25,Mar,20,IL,I2,T1,NA,27.67166667
M6,26,Mar,21,IL,I2,T1,NA,28.22411458
M6,27,Mar,22,IL,I2,T1,NA,28.82885
M6,28,Mar,23,IL,I2,T1,NA,28.18777335
M6,1,Feb,26,IL,I3,T1,NA,28.04697917
M6,2,Feb,27,IL,I3,T1,NA,28.27178125
M6,3,Feb,28,IL,I3,T1,NA,28.22541667
M6,4,Feb,29,IL,I3,T1,NA,28.30891667
M6,5,Feb,30,IL,I3,T1,NA,28.94990625
M6,6,Mar,1,IL,I3,T1,2,27.27738542
M6,7,Mar,2,IL,I3,T1,0,26.58864583
M6,8,Mar,3,IL,I3,T1,0,26.5015625
M6,9,Mar,4,IL,I3,T1,0,27.09880208
M6,10,Mar,5,IL,I3,T1,2,27.28338542
M6,11,Mar,6,IL,I3,T1,3,28.3261875
M6,12,Mar,7,IL,I3,T1,28,28.55902083
M6,13,Mar,8,IL,I3,T1,0,28.49885417
M6,14,Mar,9,IL,I3,T1,0,28.44736458
M6,15,Mar,10,IL,I3,T1,0,28.2351875
M6,16,Mar,11,IL,I3,T1,0,28.06653125
M6,17,Mar,12,IL,I3,T1,NA,28.43159375
M6,18,Mar,13,IL,I3,T1,NA,28.74809375
M6,19,Mar,14,IL,I3,T1,NA,29.04678125
M6,20,Mar,15,IL,I3,T1,NA,28.98141667
M6,21,Mar,16,IL,I3,T1,NA,28.69320833
M6,22,Mar,17,IL,I3,T1,NA,27.96659375
M6,23,Mar,18,IL,I3,T1,NA,27.68541667
M6,24,Mar,19,IL,I3,T1,NA,27.31378125
M6,25,Mar,20,IL,I3,T1,NA,27.67166667
M6,26,Mar,21,IL,I3,T1,NA,28.22411458
M6,27,Mar,22,IL,I3,T1,NA,28.82885
M6,28,Mar,23,IL,I3,T1,NA,28.18777335
M6,1,Feb,26,IL,I4,T2,NA,27.77428125
M6,2,Feb,27,IL,I4,T2,NA,27.97290625
M6,3,Feb,28,IL,I4,T2,NA,27.98313542
M6,4,Feb,29,IL,I4,T2,NA,28.07370833
M6,5,Feb,30,IL,I4,T2,NA,28.76532292
M6,6,Mar,1,IL,I4,T2,1,27.446875
M6,7,Mar,2,IL,I4,T2,0,26.93957292
M6,8,Mar,3,IL,I4,T2,0,26.79304167
M6,9,Mar,4,IL,I4,T2,0,27.38232292
M6,10,Mar,5,IL,I4,T2,0,27.78766667
M6,11,Mar,6,IL,I4,T2,0,28.40570833
M6,12,Mar,7,IL,I4,T2,8,28.38127083
M6,13,Mar,8,IL,I4,T2,6,28.4615625
M6,14,Mar,9,IL,I4,T2,0,28.42238542
M6,15,Mar,10,IL,I4,T2,0,28.02191667
M6,16,Mar,11,IL,I4,T2,0,27.95940625
M6,17,Mar,12,IL,I4,T2,NA,28.40988542
M6,18,Mar,13,IL,I4,T2,NA,28.77290625
M6,19,Mar,14,IL,I4,T2,NA,29.04880208
M6,20,Mar,15,IL,I4,T2,NA,28.97309375
M6,21,Mar,16,IL,I4,T2,NA,28.59283333
M6,22,Mar,17,IL,I4,T2,NA,27.87602083
M6,23,Mar,18,IL,I4,T2,NA,27.59001042
M6,24,Mar,19,IL,I4,T2,NA,27.13571875
M6,25,Mar,20,IL,I4,T2,NA,27.5125625
M6,26,Mar,21,IL,I4,T2,NA,28.08078125
M6,27,Mar,22,IL,I4,T2,NA,28.56045
M6,28,Mar,23,IL,I4,T2,NA,27.81988147
M6,1,Feb,26,IL,I5,T2,NA,27.77428125
M6,2,Feb,27,IL,I5,T2,NA,27.97290625
M6,3,Feb,28,IL,I5,T2,NA,27.98313542
M6,4,Feb,29,IL,I5,T2,NA,28.07370833
M6,5,Feb,30,IL,I5,T2,NA,28.76532292
M6,6,Mar,1,IL,I5,T2,68,27.446875
M6,7,Mar,2,IL,I5,T2,111,26.93957292
M6,8,Mar,3,IL,I5,T2,155,26.79304167
M6,9,Mar,4,IL,I5,T2,158,27.38232292
M6,10,Mar,5,IL,I5,T2,11,27.78766667
M6,11,Mar,6,IL,I5,T2,7,28.40570833
M6,12,Mar,7,IL,I5,T2,14,28.38127083
M6,13,Mar,8,IL,I5,T2,7,28.4615625
M6,14,Mar,9,IL,I5,T2,0,28.42238542
M6,15,Mar,10,IL,I5,T2,0,28.02191667
M6,16,Mar,11,IL,I5,T2,0,27.95940625
M6,17,Mar,12,IL,I5,T2,NA,28.40988542
M6,18,Mar,13,IL,I5,T2,NA,28.77290625
M6,19,Mar,14,IL,I5,T2,NA,29.04880208
M6,20,Mar,15,IL,I5,T2,NA,28.97309375
M6,21,Mar,16,IL,I5,T2,NA,28.59283333
M6,22,Mar,17,IL,I5,T2,NA,27.87602083
M6,23,Mar,18,IL,I5,T2,NA,27.59001042
M6,24,Mar,19,IL,I5,T2,NA,27.13571875
M6,25,Mar,20,IL,I5,T2,NA,27.5125625
M6,26,Mar,21,IL,I5,T2,NA,28.08078125
M6,27,Mar,22,IL,I5,T2,NA,28.56045
M6,28,Mar,23,IL,I5,T2,NA,27.81988147
M6,1,Feb,26,IL,I6,T2,NA,27.77428125
M6,2,Feb,27,IL,I6,T2,NA,27.97290625
M6,3,Feb,28,IL,I6,T2,NA,27.98313542
M6,4,Feb,29,IL,I6,T2,NA,28.07370833
M6,5,Feb,30,IL,I6,T2,NA,28.76532292
M6,6,Mar,1,IL,I6,T2,0,27.446875
M6,7,Mar,2,IL,I6,T2,0,26.93957292
M6,8,Mar,3,IL,I6,T2,0,26.79304167
M6,9,Mar,4,IL,I6,T2,0,27.38232292
M6,10,Mar,5,IL,I6,T2,1,27.78766667
M6,11,Mar,6,IL,I6,T2,0,28.40570833
M6,12,Mar,7,IL,I6,T2,77,28.38127083
M6,13,Mar,8,IL,I6,T2,3,28.4615625
M6,14,Mar,9,IL,I6,T2,0,28.42238542
M6,15,Mar,10,IL,I6,T2,0,28.02191667
M6,16,Mar,11,IL,I6,T2,0,27.95940625
M6,17,Mar,12,IL,I6,T2,NA,28.40988542
M6,18,Mar,13,IL,I6,T2,NA,28.77290625
M6,19,Mar,14,IL,I6,T2,NA,29.04880208
M6,20,Mar,15,IL,I6,T2,NA,28.97309375
M6,21,Mar,16,IL,I6,T2,NA,28.59283333
M6,22,Mar,17,IL,I6,T2,NA,27.87602083
M6,23,Mar,18,IL,I6,T2,NA,27.59001042
M6,24,Mar,19,IL,I6,T2,NA,27.13571875
M6,25,Mar,20,IL,I6,T2,NA,27.5125625
M6,26,Mar,21,IL,I6,T2,NA,28.08078125
M6,27,Mar,22,IL,I6,T2,NA,28.56045
M6,28,Mar,23,IL,I6,T2,NA,27.81988147
M6,1,Feb,26,IL,I7,T3,NA,27.50434375
M6,2,Feb,27,IL,I7,T3,NA,27.67166667
M6,3,Feb,28,IL,I7,T3,NA,27.66958333
M6,4,Feb,29,IL,I7,T3,NA,27.81027083
M6,5,Feb,30,IL,I7,T3,NA,28.61130208
M6,6,Mar,1,IL,I7,T3,0,27.44065625
M6,7,Mar,2,IL,I7,T3,0,26.99567708
M6,8,Mar,3,IL,I7,T3,0,26.91244792
M6,9,Mar,4,IL,I7,T3,0,27.49717708
M6,10,Mar,5,IL,I7,T3,0,27.85038542
M6,11,Mar,6,IL,I7,T3,0,28.46146875
M6,12,Mar,7,IL,I7,T3,2,28.42246875
M6,13,Mar,8,IL,I7,T3,5,28.42129167
M6,14,Mar,9,IL,I7,T3,0,28.42652083
M6,15,Mar,10,IL,I7,T3,0,27.81104167
M6,16,Mar,11,IL,I7,T3,0,27.78542708
M6,17,Mar,12,IL,I7,T3,NA,28.26730208
M6,18,Mar,13,IL,I7,T3,NA,28.67142708
M6,19,Mar,14,IL,I7,T3,NA,28.93047917
M6,20,Mar,15,IL,I7,T3,NA,28.84752083
M6,21,Mar,16,IL,I7,T3,NA,28.51189583
M6,22,Mar,17,IL,I7,T3,NA,27.83895833
M6,23,Mar,18,IL,I7,T3,NA,27.54579167
M6,24,Mar,19,IL,I7,T3,NA,27.14385417
M6,25,Mar,20,IL,I7,T3,NA,27.49719792
M6,26,Mar,21,IL,I7,T3,NA,28.01483333
M6,27,Mar,22,IL,I7,T3,NA,28.61
M6,28,Mar,23,IL,I7,T3,NA,27.89298213
M6,1,Feb,26,IL,I8,T3,NA,27.50434375
M6,2,Feb,27,IL,I8,T3,NA,27.67166667
M6,3,Feb,28,IL,I8,T3,NA,27.66958333
M6,4,Feb,29,IL,I8,T3,NA,27.81027083
M6,5,Feb,30,IL,I8,T3,NA,28.61130208
M6,6,Mar,1,IL,I8,T3,2,27.44065625
M6,7,Mar,2,IL,I8,T3,0,26.99567708
M6,8,Mar,3,IL,I8,T3,0,26.91244792
M6,9,Mar,4,IL,I8,T3,0,27.49717708
M6,10,Mar,5,IL,I8,T3,1,27.85038542
M6,11,Mar,6,IL,I8,T3,2,28.46146875
M6,12,Mar,7,IL,I8,T3,15,28.42246875
M6,13,Mar,8,IL,I8,T3,3,28.42129167
M6,14,Mar,9,IL,I8,T3,0,28.42652083
M6,15,Mar,10,IL,I8,T3,0,27.81104167
M6,16,Mar,11,IL,I8,T3,0,27.78542708
M6,17,Mar,12,IL,I8,T3,NA,28.26730208
M6,18,Mar,13,IL,I8,T3,NA,28.67142708
M6,19,Mar,14,IL,I8,T3,NA,28.93047917
M6,20,Mar,15,IL,I8,T3,NA,28.84752083
M6,21,Mar,16,IL,I8,T3,NA,28.51189583
M6,22,Mar,17,IL,I8,T3,NA,27.83895833
M6,23,Mar,18,IL,I8,T3,NA,27.54579167
M6,24,Mar,19,IL,I8,T3,NA,27.14385417
M6,25,Mar,20,IL,I8,T3,NA,27.49719792
M6,26,Mar,21,IL,I8,T3,NA,28.01483333
M6,27,Mar,22,IL,I8,T3,NA,28.61
M6,28,Mar,23,IL,I8,T3,NA,27.89298213
M6,1,Feb,26,IL,I9,T3,NA,27.50434375
M6,2,Feb,27,IL,I9,T3,NA,27.67166667
M6,3,Feb,28,IL,I9,T3,NA,27.66958333
M6,4,Feb,29,IL,I9,T3,NA,27.81027083
M6,5,Feb,30,IL,I9,T3,NA,28.61130208
M6,6,Mar,1,IL,I9,T3,5,27.44065625
M6,7,Mar,2,IL,I9,T3,6,26.99567708
M6,8,Mar,3,IL,I9,T3,7,26.91244792
M6,9,Mar,4,IL,I9,T3,11,27.49717708
M6,10,Mar,5,IL,I9,T3,16,27.85038542
M6,11,Mar,6,IL,I9,T3,300,28.46146875
M6,12,Mar,7,IL,I9,T3,94,28.42246875
M6,13,Mar,8,IL,I9,T3,19,28.42129167
M6,14,Mar,9,IL,I9,T3,6,28.42652083
M6,15,Mar,10,IL,I9,T3,0,27.81104167
M6,16,Mar,11,IL,I9,T3,0,27.78542708
M6,17,Mar,12,IL,I9,T3,NA,28.26730208
M6,18,Mar,13,IL,I9,T3,NA,28.67142708
M6,19,Mar,14,IL,I9,T3,NA,28.93047917
M6,20,Mar,15,OL,I9,T3,NA,28.84752083
M6,21,Mar,16,OL,I9,T3,NA,28.51189583
M6,22,Mar,17,OL,I9,T3,NA,27.83895833
M6,23,Mar,18,OL,I9,T3,NA,27.54579167
M6,24,Mar,19,OL,I9,T3,NA,27.14385417
M6,25,Mar,20,OL,I9,T3,NA,27.49719792
M6,26,Mar,21,OL,I9,T3,NA,28.01483333
M6,27,Mar,22,OL,I9,T3,NA,28.61
M6,28,Mar,23,OL,I9,T3,NA,27.89298213
M6,1,Feb,26,OL,O1,T1,NA,28.04697917
M6,2,Feb,27,OL,O1,T1,NA,28.27178125
M6,3,Feb,28,OL,O1,T1,NA,28.22541667
M6,4,Feb,29,OL,O1,T1,NA,28.30891667
M6,5,Feb,30,OL,O1,T1,NA,28.94990625
M6,6,Mar,1,OL,O1,T1,31,27.27738542
M6,7,Mar,2,OL,O1,T1,9,26.58864583
M6,8,Mar,3,OL,O1,T1,16,26.5015625
M6,9,Mar,4,OL,O1,T1,6,27.09880208
M6,10,Mar,5,OL,O1,T1,1,27.28338542
M6,11,Mar,6,OL,O1,T1,NA,28.3261875
M6,12,Mar,7,OL,O1,T1,NA,28.55902083
M6,13,Mar,8,OL,O1,T1,NA,28.49885417
M6,14,Mar,9,OL,O1,T1,NA,28.44736458
M6,15,Mar,10,OL,O1,T1,NA,28.2351875
M6,16,Mar,11,OL,O1,T1,NA,28.06653125
M6,17,Mar,12,OL,O1,T1,NA,28.43159375
M6,18,Mar,13,OL,O1,T1,NA,28.74809375
M6,19,Mar,14,OL,O1,T1,NA,29.04678125
M6,20,Mar,15,OL,O1,T1,NA,28.98141667
M6,21,Mar,16,OL,O1,T1,NA,28.69320833
M6,22,Mar,17,OL,O1,T1,NA,27.96659375
M6,23,Mar,18,OL,O1,T1,NA,27.68541667
M6,24,Mar,19,OL,O1,T1,NA,27.31378125
M6,25,Mar,20,OL,O1,T1,NA,27.67166667
M6,26,Mar,21,OL,O1,T1,NA,28.22411458
M6,27,Mar,22,OL,O1,T1,NA,28.82885
M6,28,Mar,23,OL,O1,T1,NA,28.18777335
M6,1,Feb,26,OL,O2,T1,NA,28.04697917
M6,2,Feb,27,OL,O2,T1,NA,28.27178125
M6,3,Feb,28,OL,O2,T1,NA,28.22541667
M6,4,Feb,29,OL,O2,T1,NA,28.30891667
M6,5,Feb,30,OL,O2,T1,NA,28.94990625
M6,6,Mar,1,OL,O2,T1,1,27.27738542
M6,7,Mar,2,OL,O2,T1,1,26.58864583
M6,8,Mar,3,OL,O2,T1,0,26.5015625
M6,9,Mar,4,OL,O2,T1,10,27.09880208
M6,10,Mar,5,OL,O2,T1,10,27.28338542
M6,11,Mar,6,OL,O2,T1,NA,28.3261875
M6,12,Mar,7,OL,O2,T1,NA,28.55902083
M6,13,Mar,8,OL,O2,T1,NA,28.49885417
M6,14,Mar,9,OL,O2,T1,NA,28.44736458
M6,15,Mar,10,OL,O2,T1,NA,28.2351875
M6,16,Mar,11,OL,O2,T1,NA,28.06653125
M6,17,Mar,12,OL,O2,T1,NA,28.43159375
M6,18,Mar,13,OL,O2,T1,NA,28.74809375
M6,19,Mar,14,OL,O2,T1,NA,29.04678125
M6,20,Mar,15,OL,O2,T1,NA,28.98141667
M6,21,Mar,16,OL,O2,T1,NA,28.69320833
M6,22,Mar,17,OL,O2,T1,NA,27.96659375
M6,23,Mar,18,OL,O2,T1,NA,27.68541667
M6,24,Mar,19,OL,O2,T1,NA,27.31378125
M6,25,Mar,20,OL,O2,T1,NA,27.67166667
M6,26,Mar,21,OL,O2,T1,NA,28.22411458
M6,27,Mar,22,OL,O2,T1,NA,28.82885
M6,28,Mar,23,OL,O2,T1,NA,28.18777335
M6,1,Feb,26,OL,O3,T1,NA,28.04697917
M6,2,Feb,27,OL,O3,T1,NA,28.27178125
M6,3,Feb,28,OL,O3,T1,NA,28.22541667
M6,4,Feb,29,OL,O3,T1,NA,28.30891667
M6,5,Feb,30,OL,O3,T1,NA,28.94990625
M6,6,Mar,1,OL,O3,T1,1,27.27738542
M6,7,Mar,2,OL,O3,T1,4,26.58864583
M6,8,Mar,3,OL,O3,T1,3,26.5015625
M6,9,Mar,4,OL,O3,T1,0,27.09880208
M6,10,Mar,5,OL,O3,T1,0,27.28338542
M6,11,Mar,6,OL,O3,T1,NA,28.3261875
M6,12,Mar,7,OL,O3,T1,NA,28.55902083
M6,13,Mar,8,OL,O3,T1,NA,28.49885417
M6,14,Mar,9,OL,O3,T1,NA,28.44736458
M6,15,Mar,10,OL,O3,T1,NA,28.2351875
M6,16,Mar,11,OL,O3,T1,NA,28.06653125
M6,17,Mar,12,OL,O3,T1,NA,28.43159375
M6,18,Mar,13,OL,O3,T1,NA,28.74809375
M6,19,Mar,14,OL,O3,T1,NA,29.04678125
M6,20,Mar,15,OL,O3,T1,NA,28.98141667
M6,21,Mar,16,OL,O3,T1,NA,28.69320833
M6,22,Mar,17,OL,O3,T1,NA,27.96659375
M6,23,Mar,18,OL,O3,T1,NA,27.68541667
M6,24,Mar,19,OL,O3,T1,NA,27.31378125
M6,25,Mar,20,OL,O3,T1,NA,27.67166667
M6,26,Mar,21,OL,O3,T1,NA,28.22411458
M6,27,Mar,22,OL,O3,T1,NA,28.82885
M6,28,Mar,23,OL,O3,T1,NA,28.18777335
M6,1,Feb,26,OL,O4,T2,NA,27.77428125
M6,2,Feb,27,OL,O4,T2,NA,27.97290625
M6,3,Feb,28,OL,O4,T2,NA,27.98313542
M6,4,Feb,29,OL,O4,T2,NA,28.07370833
M6,5,Feb,30,OL,O4,T2,NA,28.76532292
M6,6,Mar,1,OL,O4,T2,14,27.446875
M6,7,Mar,2,OL,O4,T2,5,26.93957292
M6,8,Mar,3,OL,O4,T2,12,26.79304167
M6,9,Mar,4,OL,O4,T2,8,27.38232292
M6,10,Mar,5,OL,O4,T2,7,27.78766667
M6,11,Mar,6,OL,O4,T2,28,28.40570833
M6,12,Mar,7,OL,O4,T2,0,28.38127083
M6,13,Mar,8,OL,O4,T2,2,28.4615625
M6,14,Mar,9,OL,O4,T2,0,28.42238542
M6,15,Mar,10,OL,O4,T2,0,28.02191667
M6,16,Mar,11,OL,O4,T2,0,27.95940625
M6,17,Mar,12,OL,O4,T2,NA,28.40988542
M6,18,Mar,13,OL,O4,T2,NA,28.77290625
M6,19,Mar,14,OL,O4,T2,NA,29.04880208
M6,20,Mar,15,OL,O4,T2,NA,28.97309375
M6,21,Mar,16,OL,O4,T2,NA,28.59283333
M6,22,Mar,17,OL,O4,T2,NA,27.87602083
M6,23,Mar,18,OL,O4,T2,NA,27.59001042
M6,24,Mar,19,OL,O4,T2,NA,27.13571875
M6,25,Mar,20,OL,O4,T2,NA,27.5125625
M6,26,Mar,21,OL,O4,T2,NA,28.08078125
M6,27,Mar,22,OL,O4,T2,NA,28.56045
M6,28,Mar,23,OL,O4,T2,NA,27.81988147
M6,1,Feb,26,OL,O5,T2,NA,27.77428125
M6,2,Feb,27,OL,O5,T2,NA,27.97290625
M6,3,Feb,28,OL,O5,T2,NA,27.98313542
M6,4,Feb,29,OL,O5,T2,NA,28.07370833
M6,5,Feb,30,OL,O5,T2,NA,28.76532292
M6,6,Mar,1,OL,O5,T2,3,27.446875
M6,7,Mar,2,OL,O5,T2,1,26.93957292
M6,8,Mar,3,OL,O5,T2,2,26.79304167
M6,9,Mar,4,OL,O5,T2,22,27.38232292
M6,10,Mar,5,OL,O5,T2,16,27.78766667
M6,11,Mar,6,OL,O5,T2,21,28.40570833
M6,12,Mar,7,OL,O5,T2,9,28.38127083
M6,13,Mar,8,OL,O5,T2,9,28.4615625
M6,14,Mar,9,OL,O5,T2,8,28.42238542
M6,15,Mar,10,OL,O5,T2,7,28.02191667
M6,16,Mar,11,OL,O5,T2,0,27.95940625
M6,17,Mar,12,OL,O5,T2,NA,28.40988542
M6,18,Mar,13,OL,O5,T2,NA,28.77290625
M6,19,Mar,14,OL,O5,T2,NA,29.04880208
M6,20,Mar,15,OL,O5,T2,NA,28.97309375
M6,21,Mar,16,OL,O5,T2,NA,28.59283333
M6,22,Mar,17,OL,O5,T2,NA,27.87602083
M6,23,Mar,18,OL,O5,T2,NA,27.59001042
M6,24,Mar,19,OL,O5,T2,NA,27.13571875
M6,25,Mar,20,OL,O5,T2,NA,27.5125625
M6,26,Mar,21,OL,O5,T2,NA,28.08078125
M6,27,Mar,22,OL,O5,T2,NA,28.56045
M6,28,Mar,23,OL,O5,T2,NA,27.81988147
M6,1,Feb,26,OL,O6,T2,NA,27.77428125
M6,2,Feb,27,OL,O6,T2,NA,27.97290625
M6,3,Feb,28,OL,O6,T2,NA,27.98313542
M6,4,Feb,29,OL,O6,T2,NA,28.07370833
M6,5,Feb,30,OL,O6,T2,NA,28.76532292
M6,6,Mar,1,OL,O6,T2,0,27.446875
M6,7,Mar,2,OL,O6,T2,0,26.93957292
M6,8,Mar,3,OL,O6,T2,2,26.79304167
M6,9,Mar,4,OL,O6,T2,0,27.38232292
M6,10,Mar,5,OL,O6,T2,2,27.78766667
M6,11,Mar,6,OL,O6,T2,2,28.40570833
M6,12,Mar,7,OL,O6,T2,18,28.38127083
M6,13,Mar,8,OL,O6,T2,0,28.4615625
M6,14,Mar,9,OL,O6,T2,4,28.42238542
M6,15,Mar,10,OL,O6,T2,0,28.02191667
M6,16,Mar,11,OL,O6,T2,0,27.95940625
M6,17,Mar,12,OL,O6,T2,NA,28.40988542
M6,18,Mar,13,OL,O6,T2,NA,28.77290625
M6,19,Mar,14,OL,O6,T2,NA,29.04880208
M6,20,Mar,15,OL,O6,T2,NA,28.97309375
M6,21,Mar,16,OL,O6,T2,NA,28.59283333
M6,22,Mar,17,OL,O6,T2,NA,27.87602083
M6,23,Mar,18,OL,O6,T2,NA,27.59001042
M6,24,Mar,19,OL,O6,T2,NA,27.13571875
M6,25,Mar,20,OL,O6,T2,NA,27.5125625
M6,26,Mar,21,OL,O6,T2,NA,28.08078125
M6,27,Mar,22,OL,O6,T2,NA,28.56045
M6,28,Mar,23,OL,O6,T2,NA,27.81988147
M6,1,Feb,26,OL,O7,T3,NA,27.50434375
M6,2,Feb,27,OL,O7,T3,NA,27.67166667
M6,3,Feb,28,OL,O7,T3,NA,27.66958333
M6,4,Feb,29,OL,O7,T3,NA,27.81027083
M6,5,Feb,30,OL,O7,T3,NA,28.61130208
M6,6,Mar,1,OL,O7,T3,300,27.44065625
M6,7,Mar,2,OL,O7,T3,2,26.99567708
M6,8,Mar,3,OL,O7,T3,16,26.91244792
M6,9,Mar,4,OL,O7,T3,19,27.49717708
M6,10,Mar,5,OL,O7,T3,83,27.85038542
M6,11,Mar,6,OL,O7,T3,100,28.46146875
M6,12,Mar,7,OL,O7,T3,70,28.42246875
M6,13,Mar,8,OL,O7,T3,5,28.42129167
M6,14,Mar,9,OL,O7,T3,1,28.42652083
M6,15,Mar,10,OL,O7,T3,0,27.81104167
M6,16,Mar,11,OL,O7,T3,0,27.78542708
M6,17,Mar,12,OL,O7,T3,NA,28.26730208
M6,18,Mar,13,OL,O7,T3,NA,28.67142708
M6,19,Mar,14,OL,O7,T3,NA,28.93047917
M6,20,Mar,15,OL,O7,T3,NA,28.84752083
M6,21,Mar,16,OL,O7,T3,NA,28.51189583
M6,22,Mar,17,OL,O7,T3,NA,27.83895833
M6,23,Mar,18,OL,O7,T3,NA,27.54579167
M6,24,Mar,19,OL,O7,T3,NA,27.14385417
M6,25,Mar,20,OL,O7,T3,NA,27.49719792
M6,26,Mar,21,OL,O7,T3,NA,28.01483333
M6,27,Mar,22,OL,O7,T3,NA,28.61
M6,28,Mar,23,OL,O7,T3,NA,27.89298213
M6,1,Feb,26,OL,O8,T3,NA,27.50434375
M6,2,Feb,27,OL,O8,T3,NA,27.67166667
M6,3,Feb,28,OL,O8,T3,NA,27.66958333
M6,4,Feb,29,OL,O8,T3,NA,27.81027083
M6,5,Feb,30,OL,O8,T3,NA,28.61130208
M6,6,Mar,1,OL,O8,T3,0,27.44065625
M6,7,Mar,2,OL,O8,T3,3,26.99567708
M6,8,Mar,3,OL,O8,T3,1,26.91244792
M6,9,Mar,4,OL,O8,T3,2,27.49717708
M6,10,Mar,5,OL,O8,T3,31,27.85038542
M6,11,Mar,6,OL,O8,T3,35,28.46146875
M6,12,Mar,7,OL,O8,T3,72,28.42246875
M6,13,Mar,8,OL,O8,T3,12,28.42129167
M6,14,Mar,9,OL,O8,T3,14,28.42652083
M6,15,Mar,10,OL,O8,T3,2,27.81104167
M6,16,Mar,11,OL,O8,T3,0,27.78542708
M6,17,Mar,12,OL,O8,T3,NA,28.26730208
M6,18,Mar,13,OL,O8,T3,NA,28.67142708
M6,19,Mar,14,OL,O8,T3,NA,28.93047917
M6,20,Mar,15,OL,O8,T3,NA,28.84752083
M6,21,Mar,16,OL,O8,T3,NA,28.51189583
M6,22,Mar,17,OL,O8,T3,NA,27.83895833
M6,23,Mar,18,OL,O8,T3,NA,27.54579167
M6,24,Mar,19,OL,O8,T3,NA,27.14385417
M6,25,Mar,20,OL,O8,T3,NA,27.49719792
M6,26,Mar,21,OL,O8,T3,NA,28.01483333
M6,27,Mar,22,OL,O8,T3,NA,28.61
M6,28,Mar,23,OL,O8,T3,NA,27.89298213
M6,1,Feb,26,OL,O9,T3,NA,27.50434375
M6,2,Feb,27,OL,O9,T3,NA,27.67166667
M6,3,Feb,28,OL,O9,T3,NA,27.66958333
M6,4,Feb,29,OL,O9,T3,NA,27.81027083
M6,5,Feb,30,OL,O9,T3,NA,28.61130208
M6,6,Mar,1,OL,O9,T3,0,27.44065625
M6,7,Mar,2,OL,O9,T3,0,26.99567708
M6,8,Mar,3,OL,O9,T3,0,26.91244792
M6,9,Mar,4,OL,O9,T3,0,27.49717708
M6,10,Mar,5,OL,O9,T3,15,27.85038542
M6,11,Mar,6,OL,O9,T3,39,28.46146875
M6,12,Mar,7,OL,O9,T3,63,28.42246875
M6,13,Mar,8,OL,O9,T3,35,28.42129167
M6,14,Mar,9,OL,O9,T3,66,28.42652083
M6,15,Mar,10,OL,O9,T3,17,27.81104167
M6,16,Mar,11,OL,O9,T3,34,27.78542708
M6,17,Mar,12,OL,O9,T3,20,28.26730208
M6,18,Mar,13,OL,O9,T3,1,28.67142708
M6,19,Mar,14,OL,O9,T3,1,28.93047917
M6,20,Mar,15,OL,O9,T3,NA,28.84752083
M6,21,Mar,16,OL,O9,T3,NA,28.51189583
M6,22,Mar,17,OL,O9,T3,NA,27.83895833
M6,23,Mar,18,OL,O9,T3,NA,27.54579167
M6,24,Mar,19,OL,O9,T3,NA,27.14385417
M6,25,Mar,20,OL,O9,T3,NA,27.49719792
M6,26,Mar,21,OL,O9,T3,NA,28.01483333
M6,27,Mar,22,OL,O9,T3,NA,28.61
M6,28,Mar,23,OL,O9,T3,NA,27.89298213
